TransactionID,Date,Region,Category,Quantity,UnitPrice,Revenue,Cost,Profit,CustomerSegment,Discount
46685257,2023-09-06,West,Accessories,43,32.84,1412.12,816.68,595.44,Home Office,0.0
1a3d1fa7,2023-04-06,Central,Office Supplies,24,25.47,611.28,403.66,207.62,Consumer,0.2
16419f82,2023-09-20,West,Accessories,2,27.22,54.44,28.4,26.04,Corporate,0.0
17fc695a,2023-08-18,North,Electronics,42,453.43,19044.06,7973.11,11070.95,Home Office,0.0
06cb0fb3,2023-03-26,East,Furniture,3,325.02,975.06,565.73,409.33,Corporate,0.15
b38a088c,2023-08-06,West,Office Supplies,9,23.33,209.97,85.33,124.64,Corporate,0.05
96da1dac,2023-07-31,West,Electronics,8,582.25,4658.0,2443.98,2214.02,Corporate,0.0
c241330b,2023-04-19,West,Electronics,18,377.92,6802.56,4830.18,1972.38,Corporate,0.0
571aa876,2023-11-09,West,Office Supplies,48,22.98,1103.04,671.02,432.02,Corporate,0.0
c37459ee,2023-04-18,Central,Electronics,24,316.34,7592.16,4120.28,3471.88,Consumer,0.0
18c26797,2023-05-11,Central,Electronics,7,312.43,2187.01,1131.55,1055.46,Home Office,0.1
43b7a3a6,2023-05-20,North,Apparel,35,36.33,1271.55,900.9,370.65,Consumer,0.15
89463e85,2023-11-10,South,Electronics,7,483.18,3382.26,1481.98,1900.28,Home Office,0.0
142c3fe8,2023-02-18,Central,Apparel,40,61.65,2466.0,1257.39,1208.61,Home Office,0.0
9e574f7a,2023-08-03,Central,Accessories,3,32.17,96.51,68.37,28.14,Home Office,0.0
3139d32c,2023-12-10,South,Electronics,13,653.8,8499.4,4085.56,4413.84,Home Office,0.0
3a578a8e,2023-10-01,Central,Office Supplies,30,21.19,635.7,391.55,244.15,Consumer,0.0
daf61a26,2023-10-28,East,Apparel,28,39.72,1112.16,858.45,253.71,Consumer,0.0
47294739,2023-04-01,Central,Apparel,28,45.85,1283.8,967.1,316.7,Corporate,0.0
29a3b2e9,2023-06-26,North,Furniture,33,216.08,7130.64,3628.45,3502.19,Home Office,0.0
4458a885,2023-05-24,West,Furniture,3,300.31,900.93,510.8,390.13,Consumer,0.05
12476f57,2023-09-30,South,Furniture,15,285.92,4288.8,2004.23,2284.57,Consumer,0.0
baa80dd4,2023-08-25,North,Electronics,12,498.14,5977.68,3110.49,2867.19,Consumer,0.2
451b4cf3,2023-04-06,East,Office Supplies,2,13.31,26.62,15.02,11.6,Home Office,0.0
3838b326,2023-12-26,North,Office Supplies,2,10.0,20.0,12.42,7.58,Home Office,0.05
c6a7ee39,2023-09-23,East,Furniture,17,388.82,6609.94,4569.36,2040.58,Consumer,0.05
ce177b4e,2023-01-22,East,Apparel,16,45.07,721.12,342.25,378.87,Consumer,0.15
3602f8ac,2023-05-03,West,Apparel,19,59.23,1125.37,770.27,355.1,Home Office,0.0
b7c93acf,2023-12-21,West,Accessories,40,33.72,1348.8,613.72,735.08,Consumer,0.0
654821d0,2023-05-03,South,Electronics,16,483.91,7742.56,5627.98,2114.58,Consumer,0.0
24933b83,2023-12-10,North,Electronics,48,506.28,24301.44,18300.31,6001.13,Home Office,0.0
8fb5d27b,2023-04-13,East,Apparel,16,55.02,880.32,668.03,212.29,Corporate,0.1
6dadd6c7,2023-07-29,West,Electronics,8,565.3,4522.4,2859.4,1663.0,Corporate,0.15
382567b8,2023-12-15,North,Electronics,46,610.27,28072.42,17390.68,10681.74,Corporate,0.0
c17af08a,2023-02-23,Central,Electronics,33,499.51,16483.83,7772.61,8711.22,Home Office,0.05
a0a04dc4,2023-01-19,North,Office Supplies,22,18.47,406.34,205.64,200.7,Corporate,0.0
98ae4334,2023-03-04,Central,Furniture,8,372.56,2980.48,1791.43,1189.05,Home Office,0.0
ff01cf99,2023-01-25,Central,Electronics,48,553.8,26582.4,13618.4,12964.0,Home Office,0.1
8da0365b,2023-07-01,North,Accessories,30,29.26,877.8,690.53,187.27,Home Office,0.2
b88139b9,2023-12-01,West,Electronics,21,574.03,12054.63,5742.4,6312.23,Consumer,0.0
c0398710,2023-02-14,South,Office Supplies,31,15.41,477.71,239.65,238.06,Corporate,0.15
1c8eaee9,2023-04-14,North,Apparel,9,63.9,575.1,391.64,183.46,Home Office,0.0
00d4af59,2023-04-24,South,Apparel,25,42.67,1066.75,428.91,637.84,Consumer,0.0
f8cda88b,2023-10-08,West,Apparel,15,51.95,779.25,428.77,350.48,Corporate,0.0
e9a1fa6f,2023-07-14,East,Furniture,22,275.13,6052.86,2511.57,3541.29,Corporate,0.0
d777a477,2023-02-11,East,Electronics,33,508.02,16764.66,12257.44,4507.22,Consumer,0.0
2720797d,2023-09-06,Central,Electronics,30,714.39,21431.7,14797.23,6634.47,Consumer,0.2
f4188f3f,2023-05-26,South,Furniture,17,338.04,5746.68,3215.43,2531.25,Home Office,0.0
00257ad1,2023-10-30,South,Electronics,23,678.13,15596.99,6601.85,8995.14,Corporate,0.0
1ca35cfb,2023-08-21,South,Electronics,48,432.26,20748.48,9817.07,10931.41,Consumer,0.0
d4e80839,2023-12-27,Central,Apparel,5,36.73,183.65,91.66,91.99,Home Office,0.1
3da9c2a9,2023-11-10,North,Furniture,28,410.62,11497.36,4810.51,6686.85,Consumer,0.0
15ed6269,2023-12-07,West,Electronics,16,498.06,7968.96,4696.82,3272.14,Consumer,0.0
fa5d3100,2023-10-12,Central,Furniture,10,244.04,2440.4,1902.68,537.72,Corporate,0.0
20de435d,2023-10-23,South,Office Supplies,32,21.62,691.84,321.83,370.01,Home Office,0.15
2a45c2ab,2023-09-14,West,Office Supplies,27,23.64,638.28,459.8,178.48,Corporate,0.0
6c52c49f,2023-04-13,North,Furniture,43,290.89,12508.27,9812.44,2695.83,Corporate,0.0
badcc32a,2023-03-24,Central,Electronics,31,558.83,17323.73,9543.71,7780.02,Consumer,0.0
66245bfa,2023-09-25,East,Furniture,26,353.1,9180.6,3757.7,5422.9,Corporate,0.0
e64d1bcb,2023-09-18,West,Apparel,45,45.35,2040.75,1580.89,459.86,Consumer,0.1
3985c3cf,2023-07-21,North,Office Supplies,37,22.99,850.63,677.27,173.36,Corporate,0.0
8dcdcd03,2023-01-25,Central,Electronics,13,561.04,7293.52,5076.02,2217.5,Home Office,0.0
122c9a56,2023-03-31,North,Office Supplies,20,17.91,358.2,271.59,86.61,Consumer,0.0
114125c6,2023-10-02,Central,Accessories,12,35.69,428.28,232.11,196.17,Corporate,0.05
1223b513,2023-12-18,West,Office Supplies,47,24.49,1151.03,558.35,592.68,Consumer,0.1
7c441fe7,2023-07-19,North,Electronics,42,714.32,30001.44,23692.12,6309.32,Corporate,0.0
ef7ddc76,2023-03-25,Central,Apparel,29,41.75,1210.75,553.55,657.2,Corporate,0.1
3e351128,2023-12-09,North,Electronics,7,467.86,3275.02,1868.19,1406.83,Corporate,0.0
30beb45f,2023-11-01,East,Apparel,5,34.18,170.9,108.1,62.8,Consumer,0.0
5ab33edf,2023-02-06,West,Electronics,7,507.9,3555.3,2824.33,730.97,Corporate,0.05
baa4b71a,2023-06-14,East,Apparel,39,58.58,2284.62,1015.47,1269.15,Home Office,0.0
a56c0941,2023-01-22,South,Furniture,20,290.4,5808.0,2599.24,3208.76,Consumer,0.1
56dc8907,2023-02-08,North,Apparel,28,48.91,1369.48,704.3,665.18,Consumer,0.0
310c0c00,2023-11-07,South,Electronics,32,540.17,17285.44,10758.49,6526.95,Home Office,0.15
6c006f61,2023-03-15,Central,Accessories,37,35.06,1297.22,558.03,739.19,Home Office,0.05
dfde4fbf,2023-03-13,North,Office Supplies,3,15.73,47.19,35.89,11.3,Consumer,0.15
dc815fe7,2023-12-25,South,Accessories,8,24.75,198.0,105.78,92.22,Corporate,0.0
a6f2f7b8,2023-11-29,South,Furniture,28,285.91,8005.48,3451.11,4554.37,Consumer,0.0
17e011b7,2023-07-29,East,Apparel,17,43.55,740.35,474.65,265.7,Consumer,0.0
2a935d62,2023-12-26,East,Apparel,18,33.99,611.82,346.69,265.13,Consumer,0.05
dd59ba71,2023-06-07,South,Electronics,30,492.64,14779.2,10703.41,4075.79,Home Office,0.0
610461e3,2023-06-05,Central,Apparel,25,47.18,1179.5,929.41,250.09,Home Office,0.0
ed3049cf,2023-01-01,North,Furniture,35,313.12,10959.2,6726.08,4233.12,Consumer,0.2
6c4a37ea,2023-11-01,Central,Office Supplies,37,18.06,668.22,469.65,198.57,Home Office,0.0
c88a618e,2023-09-28,North,Electronics,45,363.14,16341.3,10927.1,5414.2,Corporate,0.0
27a0c3d7,2023-08-04,South,Furniture,3,332.13,996.39,605.87,390.52,Consumer,0.0
0ef8c2d6,2023-03-15,Central,Electronics,17,564.54,9597.18,6541.74,3055.44,Home Office,0.15
bf7b539b,2023-08-13,West,Accessories,34,38.21,1299.14,850.49,448.65,Home Office,0.0
7a0ecfea,2023-05-02,South,Furniture,38,351.96,13374.48,6943.81,6430.67,Corporate,0.15
284d82e5,2023-07-15,Central,Apparel,10,48.96,489.6,377.3,112.3,Corporate,0.1
d9f195d0,2023-01-23,West,Furniture,34,208.61,7092.74,3430.42,3662.32,Home Office,0.0
acdabacc,2023-03-14,East,Office Supplies,23,24.82,570.86,257.58,313.28,Home Office,0.0
f10c718b,2023-12-01,West,Electronics,25,493.73,12343.25,8233.23,4110.02,Corporate,0.05
98326856,2023-12-12,East,Electronics,5,595.51,2977.55,1602.02,1375.53,Corporate,0.0
a8499b92,2023-01-16,Central,Office Supplies,5,14.26,71.3,38.91,32.39,Corporate,0.0
ef48e8d5,2023-08-15,East,Electronics,47,480.85,22599.95,14716.19,7883.76,Home Office,0.0
506e5a9a,2023-04-12,East,Accessories,17,35.11,596.87,417.39,179.48,Consumer,0.2
abf3e3fc,2023-04-03,South,Apparel,14,43.8,613.2,358.73,254.47,Consumer,0.0
edd4253b,2023-09-08,East,Electronics,7,586.68,4106.76,2874.1,1232.66,Consumer,0.15
75523327,2023-10-19,East,Furniture,25,328.26,8206.5,5703.21,2503.29,Corporate,0.0
19985f15,2023-08-30,North,Electronics,26,343.95,8942.7,4803.76,4138.94,Consumer,0.05
43e42caf,2023-01-29,East,Office Supplies,18,20.83,374.94,163.01,211.93,Home Office,0.05
119c4ea3,2023-02-21,North,Office Supplies,42,16.5,693.0,456.25,236.75,Corporate,0.0
286218b8,2023-12-08,East,Accessories,37,21.7,802.9,621.02,181.88,Consumer,0.0
4d71c366,2023-06-20,West,Apparel,30,50.49,1514.7,854.53,660.17,Home Office,0.15
a76afde6,2023-08-26,West,Accessories,4,25.01,100.04,40.23,59.81,Corporate,0.0
8dfa6a56,2023-07-25,East,Apparel,2,70.43,140.86,72.12,68.74,Consumer,0.0
f05db76e,2023-04-27,West,Furniture,33,397.18,13106.94,9102.76,4004.18,Home Office,0.05
e3c43657,2023-12-08,Central,Office Supplies,36,23.53,847.08,463.94,383.14,Corporate,0.0
45b89cd9,2023-02-11,South,Accessories,13,19.89,258.57,174.23,84.34,Consumer,0.0
57c700aa,2023-04-20,North,Apparel,11,73.9,812.9,583.43,229.47,Home Office,0.15
439472e6,2023-03-21,West,Accessories,14,26.37,369.18,285.44,83.74,Home Office,0.15
e87d1c78,2023-07-16,West,Furniture,1,329.28,329.28,242.59,86.69,Home Office,0.1
6c6f7633,2023-11-25,West,Electronics,21,658.01,13818.21,6557.6,7260.61,Home Office,0.05
5563f616,2023-11-19,South,Accessories,25,28.38,709.5,515.55,193.95,Home Office,0.05
430f801d,2023-10-27,East,Office Supplies,33,23.79,785.07,548.8,236.27,Home Office,0.0
b4a69f3c,2023-03-04,North,Apparel,2,58.92,117.84,76.56,41.28,Home Office,0.0
13432e61,2023-06-16,East,Office Supplies,8,20.38,163.04,110.46,52.58,Home Office,0.15
8babce3b,2023-12-09,North,Office Supplies,39,23.31,909.09,646.75,262.34,Consumer,0.0
8d7248e2,2023-01-14,South,Apparel,10,60.1,601.0,322.64,278.36,Corporate,0.0
4eea04e7,2023-02-27,West,Furniture,15,273.34,4100.1,2016.02,2084.08,Consumer,0.05
f8e1daa7,2023-05-22,East,Apparel,36,53.77,1935.72,1328.82,606.9,Home Office,0.0
35c7936c,2023-12-01,East,Accessories,40,19.33,773.2,452.17,321.03,Corporate,0.05
5a8aaeca,2023-09-22,South,Office Supplies,18,25.98,467.64,301.43,166.21,Home Office,0.05
6808593f,2023-10-30,East,Accessories,36,26.38,949.68,406.05,543.63,Home Office,0.05
ee0caeb5,2023-08-30,North,Accessories,23,37.81,869.63,390.57,479.06,Consumer,0.2
ccc56569,2023-04-02,West,Electronics,1,505.57,505.57,321.8,183.77,Consumer,0.0
0658663a,2023-11-11,Central,Furniture,26,365.65,9506.9,5070.98,4435.92,Home Office,0.0
c84a7b28,2023-03-11,South,Accessories,2,20.67,41.34,31.72,9.62,Home Office,0.0
dd334cc7,2023-12-28,East,Electronics,24,221.54,5316.96,3355.28,1961.68,Corporate,0.0
28c13091,2023-10-13,North,Furniture,43,238.97,10275.71,8060.56,2215.15,Consumer,0.0
df465290,2023-11-02,West,Office Supplies,40,22.07,882.8,530.46,352.34,Consumer,0.0
33173470,2023-01-16,East,Electronics,19,455.2,8648.8,5621.64,3027.16,Consumer,0.0
4e20fd1a,2023-11-14,East,Electronics,14,287.59,4026.26,2760.5,1265.76,Corporate,0.0
39118497,2023-11-15,West,Furniture,30,229.35,6880.5,3252.9,3627.6,Consumer,0.0
5408f9ac,2023-01-10,East,Furniture,10,312.22,3122.2,2369.66,752.54,Corporate,0.0
c5f8bc16,2023-04-19,West,Apparel,7,49.11,343.77,168.03,175.74,Home Office,0.05
6651529e,2023-04-19,Central,Office Supplies,47,20.12,945.64,593.65,351.99,Home Office,0.05
54c63cd8,2023-09-21,South,Apparel,24,57.11,1370.64,1003.43,367.21,Consumer,0.0
42deffcc,2023-01-11,South,Electronics,7,544.43,3811.01,2646.22,1164.79,Consumer,0.0
43f59a85,2023-03-11,Central,Apparel,29,59.24,1717.96,1248.92,469.04,Home Office,0.0
587ef344,2023-01-15,South,Furniture,12,288.91,3466.92,2538.69,928.23,Consumer,0.0
9b3080d5,2023-10-10,North,Furniture,44,278.7,12262.8,7680.32,4582.48,Home Office,0.15
939b462d,2023-07-18,North,Furniture,17,315.45,5362.65,2721.39,2641.26,Corporate,0.05
6fa17735,2023-03-15,North,Electronics,43,395.55,17008.65,12930.47,4078.18,Corporate,0.0
89d7fd6c,2023-01-01,East,Apparel,21,47.78,1003.38,728.48,274.9,Consumer,0.0
bcae8081,2023-09-24,North,Furniture,38,271.85,10330.3,4177.56,6152.74,Consumer,0.0
11e9cdaa,2023-09-18,East,Office Supplies,12,22.11,265.32,173.32,92.0,Consumer,0.0
505cc686,2023-09-15,Central,Apparel,21,53.84,1130.64,473.5,657.14,Corporate,0.05
e6697833,2023-09-15,East,Electronics,26,263.03,6838.78,2922.21,3916.57,Home Office,0.0
688c7015,2023-04-27,West,Apparel,39,55.41,2160.99,1207.26,953.73,Corporate,0.0
8dedf9fb,2023-05-07,North,Electronics,47,513.29,24124.63,12180.66,11943.97,Home Office,0.1
f0bbac67,2023-02-19,North,Furniture,45,322.48,14511.6,8557.42,5954.18,Consumer,0.0
2c8d0e44,2023-05-28,North,Furniture,43,237.07,10194.01,6517.18,3676.83,Consumer,0.0
8c459ce2,2023-08-28,East,Electronics,44,391.22,17213.68,10949.49,6264.19,Home Office,0.0
35ce8841,2023-11-20,East,Accessories,17,35.58,604.86,471.85,133.01,Home Office,0.0
a79ac9aa,2023-06-16,West,Office Supplies,24,22.77,546.48,384.51,161.97,Consumer,0.05
acf5e81e,2023-05-06,North,Accessories,12,37.72,452.64,221.11,231.53,Corporate,0.0
e6b3c944,2023-03-24,South,Electronics,10,374.9,3749.0,1968.76,1780.24,Home Office,0.05
15b52908,2023-11-06,North,Electronics,8,760.6,6084.8,4797.4,1287.4,Home Office,0.1
9e87e04c,2023-04-21,West,Apparel,18,71.91,1294.38,854.38,440.0,Home Office,0.0
c04a96c4,2023-05-11,Central,Electronics,37,534.01,19758.37,12094.22,7664.15,Corporate,0.05
ce7ae7f6,2023-04-02,West,Office Supplies,49,28.17,1380.33,959.53,420.8,Consumer,0.15
3eae0032,2023-03-19,South,Apparel,2,54.85,109.7,44.95,64.75,Corporate,0.2
12a4def0,2023-07-04,East,Apparel,13,56.41,733.33,313.87,419.46,Corporate,0.0
935f2b0a,2023-06-26,North,Furniture,44,289.69,12746.36,8297.91,4448.45,Home Office,0.0
7e8f8095,2023-03-17,North,Furniture,20,247.64,4952.8,2199.98,2752.82,Corporate,0.0
b00805cc,2023-06-05,South,Electronics,37,579.37,21436.69,8935.61,12501.08,Consumer,0.15
c521bf2d,2023-01-03,North,Electronics,24,435.14,10443.36,6635.94,3807.42,Home Office,0.15
3805f907,2023-12-10,East,Accessories,34,34.81,1183.54,552.49,631.05,Home Office,0.0
8498e113,2023-03-10,Central,Office Supplies,45,18.34,825.3,646.13,179.17,Corporate,0.1
eadf5085,2023-06-30,North,Office Supplies,20,19.58,391.6,312.48,79.12,Consumer,0.0
cd29a36f,2023-11-26,East,Apparel,17,53.44,908.48,444.95,463.53,Consumer,0.0
8f15ba58,2023-06-30,North,Apparel,37,46.23,1710.51,746.8,963.71,Consumer,0.0
e4347d51,2023-08-20,East,Electronics,9,493.1,4437.9,3428.88,1009.02,Home Office,0.0
e45b712e,2023-06-21,West,Furniture,8,288.75,2310.0,1566.84,743.16,Corporate,0.0
8c41561b,2023-07-16,Central,Electronics,13,590.75,7679.75,4826.93,2852.82,Corporate,0.0
dc8aee30,2023-06-23,Central,Electronics,6,503.59,3021.54,1838.62,1182.92,Consumer,0.0
3f4b1a70,2023-07-04,North,Furniture,45,364.0,16380.0,10605.14,5774.86,Corporate,0.0
c715b2b9,2023-11-23,Central,Apparel,31,61.69,1912.39,1396.67,515.72,Corporate,0.1
464c04af,2023-07-22,Central,Apparel,31,41.89,1298.59,619.76,678.83,Consumer,0.05
3c07c574,2023-06-20,North,Office Supplies,40,23.45,938.0,472.68,465.32,Consumer,0.1
8a476a87,2023-04-16,East,Apparel,10,61.86,618.6,344.47,274.13,Home Office,0.15
620e99d3,2023-02-01,Central,Apparel,20,47.64,952.8,643.29,309.51,Corporate,0.15
10714d51,2023-09-27,North,Apparel,17,31.9,542.3,351.61,190.69,Home Office,0.15
7746d0ba,2023-06-11,Central,Furniture,35,357.9,12526.5,7988.88,4537.62,Home Office,0.0
6b8e869f,2023-06-11,North,Furniture,15,265.94,3989.1,1597.28,2391.82,Corporate,0.0
f2311f17,2023-06-01,Central,Accessories,35,34.39,1203.65,698.78,504.87,Home Office,0.0
c3fe0183,2023-09-28,Central,Apparel,32,52.44,1678.08,1110.56,567.52,Home Office,0.15
f1578470,2023-08-12,West,Electronics,29,443.59,12864.11,10001.16,2862.95,Consumer,0.05
da7b9095,2023-05-17,East,Electronics,3,388.34,1165.02,803.59,361.43,Corporate,0.0
89c8d2ab,2023-12-13,North,Apparel,12,38.29,459.48,287.22,172.26,Home Office,0.2
9a6ec2f5,2023-10-18,North,Apparel,8,55.7,445.6,313.88,131.72,Home Office,0.1
45df16b6,2023-12-15,West,Electronics,3,544.77,1634.31,774.96,859.35,Home Office,0.0
560c95ee,2023-06-19,North,Office Supplies,20,14.57,291.4,173.86,117.54,Home Office,0.05
b963f37f,2023-09-17,Central,Electronics,24,468.39,11241.36,6444.66,4796.7,Consumer,0.0
20ac3703,2023-03-06,Central,Electronics,18,747.23,13450.14,6949.22,6500.92,Consumer,0.1
64de82e6,2023-08-30,West,Apparel,8,45.04,360.32,248.52,111.8,Home Office,0.0
157d94a1,2023-08-18,North,Electronics,46,499.64,22983.44,14876.31,8107.13,Consumer,0.0
7631de9d,2023-09-07,South,Furniture,2,230.5,461.0,282.91,178.09,Consumer,0.0
53cd6268,2023-03-12,North,Apparel,26,39.98,1039.48,651.77,387.71,Corporate,0.05
c2dff335,2023-03-24,South,Electronics,44,471.89,20763.16,9173.73,11589.43,Home Office,0.0
f3821cfd,2023-12-08,East,Electronics,6,647.59,3885.54,2018.67,1866.87,Corporate,0.05
14f7ce8d,2023-11-20,West,Furniture,7,391.42,2739.94,1820.22,919.72,Corporate,0.1
0d557b61,2023-07-02,South,Furniture,41,286.69,11754.29,8109.64,3644.65,Home Office,0.05
c7fee39f,2023-05-16,North,Apparel,19,37.85,719.15,568.38,150.77,Consumer,0.0
f319c125,2023-09-11,Central,Apparel,44,67.28,2960.32,1454.65,1505.67,Consumer,0.0
9f0fda8d,2023-04-07,West,Electronics,35,543.63,19027.05,9289.47,9737.58,Corporate,0.0
ab61a7b1,2023-03-01,North,Apparel,49,53.99,2645.51,1844.14,801.37,Consumer,0.0
770c7798,2023-02-14,West,Apparel,24,56.47,1355.28,836.64,518.64,Home Office,0.0
2af43ab7,2023-09-29,West,Electronics,34,607.87,20667.58,15713.16,4954.42,Corporate,0.05
b7e6427c,2023-08-24,East,Office Supplies,12,19.85,238.2,131.85,106.35,Corporate,0.05
f6f7f0cc,2023-02-14,North,Electronics,8,665.7,5325.6,3477.7,1847.9,Corporate,0.2
edcb8cb6,2023-05-01,Central,Apparel,45,34.6,1557.0,895.07,661.93,Corporate,0.15
f54ad0a2,2023-05-02,North,Apparel,39,46.38,1808.82,1424.92,383.9,Corporate,0.15
32c5bd89,2023-05-26,Central,Furniture,40,232.82,9312.8,5955.4,3357.4,Consumer,0.0
a092f52a,2023-01-30,East,Apparel,14,44.09,617.26,412.18,205.08,Consumer,0.0
4d3485c5,2023-04-05,West,Office Supplies,12,12.19,146.28,99.87,46.41,Corporate,0.0
1efd76e9,2023-11-27,North,Office Supplies,47,18.71,879.37,648.68,230.69,Home Office,0.15
0a8381be,2023-11-06,West,Office Supplies,20,28.31,566.2,287.57,278.63,Corporate,0.0
5eddbbbf,2023-05-15,Central,Accessories,29,22.58,654.82,309.08,345.74,Home Office,0.0
033d2bce,2023-01-27,North,Office Supplies,12,22.52,270.24,124.13,146.11,Consumer,0.0
1b049863,2023-11-26,East,Electronics,34,345.55,11748.7,7151.34,4597.36,Home Office,0.05
e43e4288,2023-06-18,West,Electronics,45,550.34,24765.3,11328.07,13437.23,Corporate,0.0
6f7c15ea,2023-11-18,South,Electronics,8,454.16,3633.28,2853.36,779.92,Home Office,0.05
a6846099,2023-03-10,South,Furniture,30,264.37,7931.1,4749.7,3181.4,Consumer,0.1
89c5b31a,2023-04-15,North,Electronics,8,561.8,4494.4,3284.22,1210.18,Consumer,0.0
d36357b6,2023-10-28,West,Electronics,6,514.1,3084.6,1626.34,1458.26,Consumer,0.0
da09dfa0,2023-10-11,Central,Apparel,13,43.96,571.48,377.29,194.19,Corporate,0.0
4767d76c,2023-04-06,East,Apparel,18,46.73,841.14,631.83,209.31,Home Office,0.0
76f72255,2023-12-09,East,Furniture,7,223.32,1563.24,1060.17,503.07,Consumer,0.0
561e16d1,2023-08-10,North,Office Supplies,35,13.43,470.05,230.75,239.3,Corporate,0.0
2e8d0e87,2023-01-12,South,Apparel,9,59.82,538.38,327.14,211.24,Corporate,0.15
4223623b,2023-07-09,Central,Furniture,12,280.51,3366.12,1547.06,1819.06,Consumer,0.0
b380c73a,2023-05-13,West,Office Supplies,48,26.5,1272.0,872.84,399.16,Home Office,0.0
8441aefd,2023-12-08,East,Electronics,47,532.51,25027.97,10724.79,14303.18,Home Office,0.0
680bac63,2023-03-16,East,Furniture,4,288.67,1154.68,508.72,645.96,Consumer,0.05
b0cbc61f,2023-07-09,Central,Electronics,27,555.31,14993.37,11572.52,3420.85,Home Office,0.0
72bb912d,2023-07-04,South,Office Supplies,18,21.26,382.68,279.08,103.6,Corporate,0.0
38ba8abc,2023-11-04,West,Electronics,13,493.36,6413.68,3039.02,3374.66,Home Office,0.0
a9f948b2,2023-06-07,South,Electronics,36,417.74,15038.64,10922.56,4116.08,Consumer,0.05
87ea7ff5,2023-08-14,East,Electronics,22,484.97,10669.34,7763.82,2905.52,Corporate,0.0
8ce6424d,2023-05-14,South,Electronics,10,453.71,4537.1,3458.89,1078.21,Consumer,0.0
455ac762,2023-05-09,Central,Furniture,24,235.11,5642.64,4113.74,1528.9,Home Office,0.05
b8a6171f,2023-04-30,South,Apparel,10,72.23,722.3,337.46,384.84,Home Office,0.15
892e6161,2023-03-16,North,Electronics,17,376.22,6395.74,3014.81,3380.93,Consumer,0.05
3764fbda,2023-10-24,West,Electronics,11,444.25,4886.75,3116.72,1770.03,Corporate,0.0
96ef2ad6,2023-10-14,East,Office Supplies,18,14.52,261.36,146.81,114.55,Corporate,0.0
fb02bebb,2023-10-23,North,Apparel,39,60.43,2356.77,1511.37,845.4,Corporate,0.0
3a3c563e,2023-02-09,Central,Electronics,40,448.01,17920.4,11793.7,6126.7,Home Office,0.0
b540b30e,2023-05-21,North,Electronics,41,397.76,16308.16,11949.73,4358.43,Consumer,0.0
f96b648a,2023-07-27,Central,Electronics,8,707.99,5663.92,3740.17,1923.75,Corporate,0.0
f1afdb65,2023-01-22,South,Furniture,6,291.39,1748.34,953.16,795.18,Home Office,0.05
7daa39f0,2023-02-19,West,Electronics,44,447.13,19673.72,8568.04,11105.68,Consumer,0.0
48ca7651,2023-02-09,North,Electronics,42,488.88,20532.96,14423.69,6109.27,Consumer,0.0
2f32751e,2023-07-02,West,Furniture,30,245.77,7373.1,3641.26,3731.84,Home Office,0.0
7a4c75d4,2023-01-20,Central,Apparel,44,57.73,2540.12,1110.47,1429.65,Corporate,0.0
7de31a51,2023-02-14,North,Office Supplies,12,15.38,184.56,131.56,53.0,Corporate,0.0
0db95301,2023-01-29,West,Furniture,45,257.74,11598.3,8986.17,2612.13,Consumer,0.0
f2f9e5fa,2023-02-28,East,Furniture,23,285.67,6570.41,5104.91,1465.5,Corporate,0.0
1e52d770,2023-04-28,East,Apparel,15,50.82,762.3,420.98,341.32,Corporate,0.15
989bc4da,2023-08-05,East,Apparel,14,49.01,686.14,296.66,389.48,Consumer,0.0
85c7504b,2023-11-04,East,Apparel,18,50.87,915.66,707.89,207.77,Corporate,0.0
4c1f55ab,2023-05-28,North,Accessories,14,33.28,465.92,212.31,253.61,Corporate,0.1
4e2d6645,2023-12-01,West,Office Supplies,41,22.04,903.64,405.47,498.17,Consumer,0.0
f5c9b047,2023-08-09,North,Electronics,45,599.78,26990.1,16728.78,10261.32,Consumer,0.15
3531968d,2023-10-15,West,Furniture,6,200.61,1203.66,667.53,536.13,Consumer,0.1
14c8b3b4,2023-08-31,South,Electronics,11,625.64,6882.04,4829.14,2052.9,Home Office,0.05
1337739e,2023-03-02,North,Furniture,9,263.2,2368.8,1603.36,765.44,Consumer,0.0
b07aa066,2023-03-02,North,Electronics,29,469.75,13622.75,8848.77,4773.98,Corporate,0.0
3b4206c5,2023-08-19,Central,Apparel,35,38.3,1340.5,979.93,360.57,Consumer,0.0
dc0f2fcf,2023-04-22,Central,Electronics,2,319.8,639.6,290.07,349.53,Consumer,0.0
ec856f37,2023-06-26,Central,Apparel,39,34.67,1352.13,992.09,360.04,Consumer,0.2
96fc734d,2023-04-13,South,Electronics,32,603.3,19305.6,11489.57,7816.03,Home Office,0.0
6cd5e859,2023-09-14,East,Furniture,26,343.94,8942.44,6476.78,2465.66,Consumer,0.0
26242b40,2023-02-14,South,Apparel,13,37.62,489.06,221.67,267.39,Consumer,0.05
1247ea4e,2023-12-19,North,Apparel,48,56.78,2725.44,1132.07,1593.37,Consumer,0.1
9854ce4e,2023-01-24,South,Furniture,22,270.73,5956.06,3899.24,2056.82,Home Office,0.15
49e2623d,2023-10-18,Central,Electronics,32,496.99,15903.68,6665.75,9237.93,Consumer,0.05
4dd8eb85,2023-06-20,North,Electronics,24,525.92,12622.08,5580.81,7041.27,Consumer,0.2
801ef1da,2023-09-29,Central,Furniture,31,241.14,7475.34,5306.46,2168.88,Home Office,0.1
9918ee46,2023-07-29,East,Electronics,5,367.21,1836.05,1138.07,697.98,Corporate,0.1
5283aac7,2023-01-16,South,Electronics,32,594.85,19035.2,13571.98,5463.22,Consumer,0.2
3a9aca5e,2023-08-23,South,Electronics,36,503.49,18125.64,11709.26,6416.38,Corporate,0.0
964db03f,2023-09-19,North,Office Supplies,10,17.43,174.3,138.04,36.26,Corporate,0.0
d248a9a7,2023-01-09,West,Electronics,10,592.78,5927.8,3173.19,2754.61,Corporate,0.0
c19ad58c,2023-04-15,North,Furniture,14,423.37,5927.18,4606.78,1320.4,Corporate,0.15
7135f221,2023-03-10,West,Electronics,46,389.68,17925.28,7261.28,10664.0,Consumer,0.0
95d82980,2023-12-22,North,Electronics,47,583.76,27436.72,16028.97,11407.75,Corporate,0.05
f8140102,2023-06-19,West,Electronics,22,418.64,9210.08,6458.8,2751.28,Consumer,0.15
5553b2fe,2023-02-05,Central,Apparel,2,54.0,108.0,78.53,29.47,Home Office,0.0
292bd156,2023-05-05,West,Apparel,43,43.49,1870.07,1315.17,554.9,Consumer,0.0
49c8a43f,2023-05-09,East,Electronics,30,532.87,15986.1,11261.39,4724.71,Home Office,0.0
c2b01cfd,2023-09-15,South,Electronics,1,590.02,590.02,411.06,178.96,Home Office,0.2
50843242,2023-08-02,East,Furniture,42,222.39,9340.38,6509.68,2830.7,Corporate,0.05
c5c5b37a,2023-04-09,East,Apparel,48,60.78,2917.44,2081.64,835.8,Corporate,0.1
fcf56188,2023-06-06,South,Electronics,17,577.38,9815.46,6895.42,2920.04,Home Office,0.0
764414fd,2023-01-01,East,Accessories,4,36.73,146.92,81.42,65.5,Corporate,0.15
5c9d927d,2023-06-10,East,Electronics,38,668.11,25388.18,10187.95,15200.23,Corporate,0.0
71299889,2023-08-30,West,Apparel,20,42.49,849.8,476.68,373.12,Home Office,0.0
8c99a894,2023-10-23,East,Electronics,16,573.43,9174.88,3863.74,5311.14,Corporate,0.0
e17f29e1,2023-02-20,East,Electronics,19,400.66,7612.54,4562.21,3050.33,Corporate,0.0
f920264c,2023-09-29,Central,Apparel,38,55.53,2110.14,1283.22,826.92,Consumer,0.0
b5b453ca,2023-09-02,North,Furniture,18,270.37,4866.66,2669.7,2196.96,Consumer,0.0
8d605936,2023-03-03,East,Apparel,45,54.56,2455.2,1469.36,985.84,Home Office,0.0
d7665cda,2023-06-08,West,Furniture,9,235.1,2115.9,1650.67,465.23,Consumer,0.0
1e1242e3,2023-12-21,Central,Accessories,3,26.83,80.49,48.88,31.61,Consumer,0.1
eec259dc,2023-09-09,East,Electronics,46,577.14,26548.44,13014.48,13533.96,Consumer,0.1
45ff2c83,2023-10-06,Central,Furniture,21,229.8,4825.8,2187.98,2637.82,Corporate,0.05
78e3654b,2023-06-11,South,Accessories,24,12.77,306.48,212.02,94.46,Corporate,0.0
6232b17a,2023-04-05,West,Electronics,31,494.63,15333.53,6215.62,9117.91,Corporate,0.0
bf0d073d,2023-03-16,West,Electronics,28,581.3,16276.4,11635.19,4641.21,Corporate,0.0
46b82659,2023-12-08,South,Apparel,6,49.79,298.74,123.51,175.23,Corporate,0.15
57021049,2023-10-28,North,Furniture,33,255.17,8420.61,5968.05,2452.56,Corporate,0.15
d20f87d0,2023-12-29,South,Apparel,11,50.67,557.37,431.81,125.56,Corporate,0.1
d664d264,2023-01-01,North,Furniture,21,330.96,6950.16,3493.23,3456.93,Home Office,0.05
7d5911c6,2023-08-16,Central,Office Supplies,19,21.23,403.37,317.43,85.94,Consumer,0.0
7bfdcc12,2023-12-03,South,Apparel,42,48.69,2044.98,890.66,1154.32,Corporate,0.0
8b1e3b9d,2023-05-15,North,Accessories,34,36.07,1226.38,878.92,347.46,Consumer,0.0
de9e3757,2023-05-27,South,Furniture,21,162.95,3421.95,1561.72,1860.23,Corporate,0.1
9261549d,2023-03-15,South,Electronics,16,676.99,10831.84,6695.95,4135.89,Home Office,0.0
69288e92,2023-05-29,West,Furniture,35,237.94,8327.9,3504.24,4823.66,Home Office,0.0
b489d070,2023-01-17,Central,Electronics,4,512.27,2049.08,987.56,1061.52,Consumer,0.05
fd08b32c,2023-12-21,West,Apparel,27,66.25,1788.75,1392.82,395.93,Corporate,0.1
fb16e5db,2023-09-15,North,Electronics,25,473.15,11828.75,6067.82,5760.93,Corporate,0.0
2051acef,2023-03-01,West,Furniture,43,258.18,11101.74,7884.95,3216.79,Home Office,0.0
dea4ae17,2023-07-15,West,Office Supplies,24,25.08,601.92,307.33,294.59,Home Office,0.05
1986b4b2,2023-02-08,South,Electronics,20,429.27,8585.4,5349.8,3235.6,Corporate,0.0
b8f21423,2023-07-24,East,Furniture,27,279.91,7557.57,3579.94,3977.63,Consumer,0.05
f84f16b3,2023-02-25,East,Furniture,30,275.78,8273.4,5345.6,2927.8,Corporate,0.15
f81dbaa1,2023-03-01,North,Apparel,46,39.42,1813.32,1251.33,561.99,Corporate,0.0
65c17795,2023-04-13,South,Furniture,27,297.54,8033.58,5420.61,2612.97,Home Office,0.0
da330aa1,2023-09-10,North,Apparel,26,51.94,1350.44,641.41,709.03,Consumer,0.0
f4427e0b,2023-09-19,South,Electronics,44,464.68,20445.92,16259.13,4186.79,Corporate,0.1
c268283e,2023-05-03,West,Furniture,24,377.82,9067.68,4842.9,4224.78,Corporate,0.0
9e11d2cd,2023-07-09,West,Apparel,33,49.77,1642.41,814.55,827.86,Corporate,0.0
ebc2026f,2023-01-27,South,Apparel,23,34.82,800.86,589.9,210.96,Home Office,0.1
1723199d,2023-04-22,East,Office Supplies,20,24.98,499.6,347.58,152.02,Corporate,0.0
a23d4c2f,2023-06-18,West,Apparel,6,45.98,275.88,202.72,73.16,Home Office,0.0
2a96e1e2,2023-10-01,East,Apparel,25,55.24,1381.0,671.46,709.54,Home Office,0.0
0bc61066,2023-09-27,East,Apparel,46,53.43,2457.78,1211.94,1245.84,Consumer,0.1
5bc440f1,2023-05-06,Central,Apparel,33,52.2,1722.6,1291.42,431.18,Home Office,0.0
87fa841a,2023-05-26,East,Furniture,46,366.42,16855.32,10427.7,6427.62,Home Office,0.0
2e183554,2023-06-10,East,Furniture,25,292.78,7319.5,4161.7,3157.8,Corporate,0.15
deef580f,2023-03-08,North,Electronics,3,573.88,1721.64,701.06,1020.58,Home Office,0.05
7f671eec,2023-05-29,North,Furniture,19,336.92,6401.48,4795.36,1606.12,Corporate,0.0
760debbb,2023-12-21,Central,Office Supplies,40,13.2,528.0,385.34,142.66,Consumer,0.0
aab612c9,2023-09-05,East,Apparel,41,55.28,2266.48,950.24,1316.24,Corporate,0.05
e6b5a92c,2023-01-04,North,Accessories,16,34.41,550.56,227.86,322.7,Home Office,0.0
12e89d10,2023-04-22,South,Office Supplies,21,17.4,365.4,155.46,209.94,Consumer,0.0
966b1964,2023-06-21,North,Apparel,9,52.65,473.85,346.72,127.13,Consumer,0.0
b0b862ef,2023-04-27,West,Accessories,46,33.85,1557.1,1104.84,452.26,Consumer,0.0
32ffe294,2023-04-08,West,Furniture,40,295.35,11814.0,8453.16,3360.84,Home Office,0.0
3cb98350,2023-05-30,West,Electronics,22,563.45,12395.9,8859.35,3536.55,Home Office,0.05
4bbe4aff,2023-05-29,South,Electronics,27,504.36,13617.72,8901.11,4716.61,Corporate,0.15
d47d577b,2023-09-29,South,Furniture,12,401.7,4820.4,3092.91,1727.49,Home Office,0.0
90e0b95f,2023-09-13,West,Furniture,29,437.79,12695.91,7463.89,5232.02,Consumer,0.0
f93e08d5,2023-12-02,North,Office Supplies,38,17.97,682.86,506.45,176.41,Consumer,0.0
7f2984f5,2023-01-20,East,Apparel,33,60.84,2007.72,1262.49,745.23,Corporate,0.0
c696f5e6,2023-11-20,North,Furniture,37,265.35,9817.95,5044.71,4773.24,Consumer,0.0
5a31b4cc,2023-11-07,East,Apparel,41,49.36,2023.76,1561.88,461.88,Consumer,0.0
402913ec,2023-03-27,West,Apparel,8,44.1,352.8,269.2,83.6,Consumer,0.0
a8c01f05,2023-09-21,Central,Furniture,45,341.27,15357.15,6155.78,9201.37,Corporate,0.0
18dfbc3c,2023-09-22,North,Office Supplies,18,21.68,390.24,196.16,194.08,Corporate,0.1
4f1639a0,2023-12-17,West,Furniture,19,367.92,6990.48,5313.66,1676.82,Corporate,0.0
5d678bb1,2023-11-03,North,Accessories,29,43.19,1252.51,841.02,411.49,Corporate,0.15
4b8c5bdc,2023-10-12,Central,Electronics,18,469.87,8457.66,5541.04,2916.62,Consumer,0.15
336749b5,2023-05-07,East,Office Supplies,40,18.73,749.2,545.42,203.78,Consumer,0.0
f8b38a8b,2023-02-21,East,Furniture,45,347.9,15655.5,11322.2,4333.3,Home Office,0.0
45c45a3e,2023-05-23,North,Electronics,21,480.41,10088.61,6829.96,3258.65,Corporate,0.0
d31edf1a,2023-11-19,Central,Electronics,38,473.42,17989.96,12941.12,5048.84,Home Office,0.0
bf1e8366,2023-07-07,West,Accessories,23,38.6,887.8,468.36,419.44,Corporate,0.0
77e490c7,2023-12-05,West,Furniture,24,234.54,5628.96,3220.96,2408.0,Consumer,0.15
39c1e262,2023-01-30,North,Accessories,19,27.54,523.26,214.63,308.63,Corporate,0.05
fadd7ea3,2023-12-01,East,Furniture,27,198.99,5372.73,3604.29,1768.44,Consumer,0.0
8eac0a33,2023-06-04,West,Office Supplies,38,16.78,637.64,370.85,266.79,Consumer,0.0
03902c5d,2023-05-23,Central,Electronics,24,554.63,13311.12,7370.14,5940.98,Home Office,0.0
5e5ba13d,2023-04-13,East,Furniture,42,300.39,12616.38,7042.13,5574.25,Corporate,0.1
95a5bafa,2023-09-19,Central,Electronics,37,458.63,16969.31,9331.79,7637.52,Home Office,0.15
5f18e583,2023-05-28,West,Accessories,9,36.43,327.87,260.2,67.67,Consumer,0.05
066803ee,2023-02-12,West,Electronics,32,552.9,17692.8,8168.02,9524.78,Consumer,0.0
53f8382b,2023-08-29,Central,Apparel,23,29.61,681.03,392.39,288.64,Corporate,0.1
102efde5,2023-12-22,Central,Electronics,49,703.33,34463.17,17025.32,17437.85,Home Office,0.0
b379cb1e,2023-09-04,East,Electronics,24,508.54,12204.96,9762.57,2442.39,Consumer,0.05
23c86d30,2023-04-28,East,Electronics,17,409.79,6966.43,3694.5,3271.93,Corporate,0.0
fef518a6,2023-01-18,Central,Electronics,5,606.06,3030.3,1788.54,1241.76,Corporate,0.0
e3236d1a,2023-07-11,East,Accessories,11,26.43,290.73,120.71,170.02,Corporate,0.1
5efa9c5b,2023-07-28,West,Electronics,20,290.21,5804.2,3405.4,2398.8,Corporate,0.15
f22b5b98,2023-09-18,North,Accessories,26,29.92,777.92,579.88,198.04,Home Office,0.0
ba0266ef,2023-07-29,West,Electronics,33,539.05,17788.65,11119.41,6669.24,Home Office,0.0
19597b5a,2023-03-02,East,Accessories,17,37.16,631.72,445.87,185.85,Home Office,0.2
f065c817,2023-11-20,North,Electronics,45,466.31,20983.95,12079.62,8904.33,Consumer,0.0
379efc6e,2023-04-19,East,Furniture,3,335.61,1006.83,655.08,351.75,Home Office,0.05
dafec8a9,2023-06-22,South,Furniture,29,123.58,3583.82,1477.32,2106.5,Home Office,0.05
5e09a9ee,2023-05-21,South,Office Supplies,21,24.58,516.18,264.03,252.15,Corporate,0.2
5bd20c98,2023-07-31,East,Accessories,8,26.81,214.48,171.12,43.36,Home Office,0.0
f7dc67e0,2023-01-24,East,Apparel,25,43.86,1096.5,441.09,655.41,Consumer,0.1
74685b98,2023-02-17,North,Apparel,36,51.89,1868.04,1270.29,597.75,Home Office,0.0
a3b5cece,2023-02-05,North,Apparel,14,33.6,470.4,200.58,269.82,Home Office,0.0
c96b5edb,2023-08-20,West,Office Supplies,32,13.47,431.04,184.88,246.16,Consumer,0.0
c9776598,2023-05-10,South,Electronics,34,565.92,19241.28,8083.08,11158.2,Corporate,0.05
c3e15a85,2023-08-08,West,Apparel,3,59.38,178.14,128.51,49.63,Corporate,0.0
d0243d72,2023-08-04,East,Electronics,39,345.92,13490.88,8852.59,4638.29,Consumer,0.0
25c61c45,2023-12-04,East,Furniture,25,292.05,7301.25,3279.49,4021.76,Consumer,0.05
46fb7bf3,2023-11-03,South,Office Supplies,8,28.21,225.68,137.78,87.9,Corporate,0.05
21472a15,2023-11-30,West,Furniture,15,349.09,5236.35,3251.78,1984.57,Home Office,0.0
1c24220e,2023-07-29,East,Apparel,18,38.77,697.86,525.35,172.51,Corporate,0.05
03cde2e3,2023-09-14,North,Apparel,15,46.76,701.4,309.39,392.01,Consumer,0.0
96bf10ab,2023-05-20,South,Apparel,22,46.72,1027.84,756.22,271.62,Consumer,0.0
0d6a05b3,2023-05-06,West,Apparel,29,51.55,1494.95,1154.63,340.32,Consumer,0.0
1d181ee9,2023-02-19,East,Office Supplies,34,24.11,819.74,620.34,199.4,Consumer,0.0
c72c1fe3,2023-10-17,West,Apparel,17,43.36,737.12,497.41,239.71,Corporate,0.0
73b6a09b,2023-05-21,West,Office Supplies,10,18.34,183.4,137.59,45.81,Consumer,0.2
0b19f88e,2023-07-15,West,Electronics,4,439.14,1756.56,1196.25,560.31,Corporate,0.0
a8addf36,2023-10-10,West,Apparel,12,25.75,309.0,230.62,78.38,Home Office,0.0
f6ca6b8b,2023-07-22,South,Office Supplies,35,19.88,695.8,381.25,314.55,Home Office,0.1
d8e88ebb,2023-01-13,South,Office Supplies,36,18.41,662.76,439.37,223.39,Home Office,0.05
7d824264,2023-06-05,North,Apparel,23,54.83,1261.09,811.01,450.08,Corporate,0.0
e63658c9,2023-10-04,West,Apparel,28,46.57,1303.96,823.67,480.29,Consumer,0.0
10d08d11,2023-02-01,East,Apparel,49,69.65,3412.85,1517.37,1895.48,Corporate,0.0
95da75c1,2023-02-19,Central,Apparel,13,34.75,451.75,184.19,267.56,Corporate,0.0
fe9fecaa,2023-08-01,North,Apparel,38,38.66,1469.08,899.63,569.45,Corporate,0.0
816bcb9f,2023-08-21,Central,Furniture,36,293.45,10564.2,7446.95,3117.25,Home Office,0.1
b3a7d0e0,2023-08-24,North,Office Supplies,12,18.05,216.6,97.52,119.08,Consumer,0.0
e0b15aba,2023-02-14,North,Electronics,6,311.22,1867.32,1002.23,865.09,Home Office,0.0
370bc063,2023-10-26,West,Office Supplies,12,17.1,205.2,82.19,123.01,Home Office,0.05
69efafb1,2023-06-17,Central,Accessories,47,33.12,1556.64,1139.31,417.33,Home Office,0.1
6a7e4c36,2023-05-12,Central,Furniture,4,416.62,1666.48,1266.16,400.32,Consumer,0.0
50018b7b,2023-10-11,South,Office Supplies,13,19.3,250.9,106.17,144.73,Corporate,0.2
2713582c,2023-09-16,Central,Office Supplies,20,26.65,533.0,329.28,203.72,Home Office,0.0
175a81ec,2023-09-24,North,Electronics,26,462.48,12024.48,7803.47,4221.01,Corporate,0.0
18b87245,2023-11-20,East,Electronics,8,468.23,3745.84,2451.21,1294.63,Home Office,0.0
214f3f12,2023-10-17,East,Electronics,49,484.86,23758.14,16392.94,7365.2,Consumer,0.15
8fc42092,2023-08-05,North,Apparel,26,54.16,1408.16,646.23,761.93,Consumer,0.0
692ac139,2023-08-07,North,Furniture,33,302.27,9974.91,4955.11,5019.8,Consumer,0.15
c012a0ff,2023-05-18,Central,Office Supplies,22,22.34,491.48,346.17,145.31,Corporate,0.0
0d2b91ef,2023-06-14,Central,Furniture,3,287.96,863.88,417.84,446.04,Home Office,0.05
1a85910d,2023-04-22,North,Accessories,13,22.61,293.93,179.56,114.37,Home Office,0.0
a81fdec3,2023-08-13,North,Electronics,35,240.95,8433.25,6588.12,1845.13,Corporate,0.0
59a1120e,2023-07-07,East,Furniture,18,297.06,5347.08,3408.36,1938.72,Home Office,0.0
c33a1f6c,2023-11-25,South,Accessories,4,33.21,132.84,72.0,60.84,Consumer,0.2
6dda4f8d,2023-04-19,Central,Accessories,34,34.56,1175.04,825.96,349.08,Consumer,0.15
d1846c39,2023-11-25,West,Electronics,1,648.59,648.59,508.54,140.05,Corporate,0.1
8e867f3c,2023-08-30,West,Electronics,10,477.94,4779.4,3411.38,1368.02,Corporate,0.1
d4578ad9,2023-01-11,Central,Electronics,40,546.96,21878.4,9586.23,12292.17,Consumer,0.0
45f50c52,2023-09-27,Central,Furniture,13,342.85,4457.05,1783.61,2673.44,Consumer,0.0
56febfb9,2023-09-30,East,Accessories,1,21.94,21.94,15.4,6.54,Home Office,0.0
24ac2130,2023-05-17,East,Electronics,17,339.67,5774.39,4128.8,1645.59,Consumer,0.0
2451e5a4,2023-08-08,East,Furniture,1,257.4,257.4,197.5,59.9,Home Office,0.0
177d6e7e,2023-10-15,East,Apparel,5,44.02,220.1,91.21,128.89,Consumer,0.0
6b7a2460,2023-10-17,Central,Electronics,4,345.98,1383.92,874.69,509.23,Home Office,0.0
4fc77768,2023-06-26,East,Electronics,7,698.34,4888.38,3703.62,1184.76,Home Office,0.1
914dcfae,2023-10-08,Central,Furniture,4,214.88,859.52,431.59,427.93,Home Office,0.0
27d415b6,2023-08-20,West,Office Supplies,27,20.85,562.95,240.72,322.23,Home Office,0.15
ac8936bc,2023-03-03,North,Furniture,24,353.97,8495.28,4596.3,3898.98,Home Office,0.0
6c8c3b6a,2023-02-01,North,Office Supplies,23,22.98,528.54,408.25,120.29,Home Office,0.0
45ee432d,2023-07-08,North,Electronics,6,426.85,2561.1,1335.81,1225.29,Home Office,0.15
585d3f86,2023-03-25,West,Accessories,38,23.86,906.68,628.05,278.63,Home Office,0.0
adb14670,2023-06-16,Central,Furniture,30,371.65,11149.5,8102.47,3047.03,Corporate,0.0
4ef492c1,2023-08-19,East,Accessories,36,24.11,867.96,689.11,178.85,Corporate,0.0
996d5c50,2023-01-18,Central,Electronics,16,508.53,8136.48,5563.14,2573.34,Home Office,0.0
f200c261,2023-01-22,North,Electronics,32,419.17,13413.44,5592.99,7820.45,Consumer,0.0
4169b9fc,2023-03-24,West,Office Supplies,21,25.83,542.43,370.69,171.74,Home Office,0.0
7f54a511,2023-04-23,North,Furniture,2,318.71,637.42,432.73,204.69,Home Office,0.0
61554667,2023-10-18,North,Electronics,39,458.22,17870.58,7368.81,10501.77,Consumer,0.0
8f0881ee,2023-07-26,Central,Electronics,20,594.22,11884.4,9405.44,2478.96,Home Office,0.0
12738a23,2023-11-20,North,Apparel,47,66.34,3117.98,1636.3,1481.68,Corporate,0.0
6fac1673,2023-06-04,West,Furniture,19,171.4,3256.6,2321.53,935.07,Home Office,0.0
dcb33df3,2023-01-08,South,Office Supplies,34,13.93,473.62,322.98,150.64,Home Office,0.05
67884209,2023-05-02,North,Accessories,19,27.86,529.34,302.7,226.64,Consumer,0.05
1d7c0098,2023-10-03,Central,Accessories,35,31.12,1089.2,730.7,358.5,Home Office,0.0
2bffe17b,2023-06-07,East,Office Supplies,8,20.92,167.36,83.71,83.65,Home Office,0.0
d4ffa666,2023-11-08,East,Office Supplies,16,18.43,294.88,120.29,174.59,Consumer,0.0
6fcc57dd,2023-09-25,East,Furniture,6,274.65,1647.9,879.35,768.55,Consumer,0.15
96c044d0,2023-11-24,Central,Electronics,33,446.42,14731.86,9931.89,4799.97,Consumer,0.0
dedab027,2023-06-05,West,Accessories,20,19.76,395.2,264.23,130.97,Home Office,0.0
5543fc3c,2023-05-01,East,Apparel,29,47.06,1364.74,696.74,668.0,Corporate,0.15
a21b0307,2023-10-30,South,Furniture,10,268.32,2683.2,1265.79,1417.41,Corporate,0.0
e7ea8d5a,2023-02-14,West,Furniture,5,320.47,1602.35,771.97,830.38,Consumer,0.0
f54e2019,2023-10-29,East,Office Supplies,34,14.85,504.9,299.51,205.39,Corporate,0.0
3c7c1d85,2023-11-15,South,Apparel,26,42.78,1112.28,478.54,633.74,Corporate,0.0
2c6a6e9a,2023-02-09,North,Electronics,44,517.68,22777.92,13284.29,9493.63,Home Office,0.05
a7cf705c,2023-08-22,Central,Electronics,3,600.77,1802.31,1045.83,756.48,Corporate,0.0
a0c14035,2023-01-30,West,Electronics,2,299.39,598.78,446.95,151.83,Consumer,0.0
c2874f06,2023-07-11,North,Electronics,15,355.55,5333.25,2241.01,3092.24,Consumer,0.0
e1cde87f,2023-08-14,West,Accessories,9,38.58,347.22,201.42,145.8,Consumer,0.0
9fe0a8c7,2023-08-08,North,Apparel,42,41.69,1750.98,1166.15,584.83,Corporate,0.0
50ee7a92,2023-05-06,South,Electronics,21,569.76,11964.96,9163.0,2801.96,Home Office,0.0
71348c2a,2023-02-28,Central,Office Supplies,27,20.06,541.62,349.52,192.1,Consumer,0.05
97674900,2023-09-03,South,Apparel,40,49.13,1965.2,1300.17,665.03,Consumer,0.15
4f76e388,2023-01-22,West,Electronics,33,430.14,14194.62,7083.45,7111.17,Home Office,0.0
5e659654,2023-06-29,East,Electronics,33,412.95,13627.35,9118.72,4508.63,Corporate,0.0
dd3f7d7e,2023-11-19,South,Apparel,19,31.73,602.87,430.88,171.99,Home Office,0.05
81cf3252,2023-11-29,North,Electronics,27,494.52,13352.04,8125.78,5226.26,Home Office,0.1
f4488385,2023-05-30,North,Accessories,6,26.42,158.52,118.27,40.25,Consumer,0.15
7321bf6b,2023-11-04,North,Electronics,21,607.43,12756.03,7201.24,5554.79,Corporate,0.0
30307633,2023-12-20,West,Apparel,40,69.93,2797.2,2166.47,630.73,Corporate,0.1
269ed4c9,2023-05-05,East,Office Supplies,13,16.93,220.09,114.54,105.55,Home Office,0.0
e62d2d06,2023-01-25,West,Electronics,1,450.69,450.69,298.39,152.3,Consumer,0.15
15969802,2023-11-22,Central,Electronics,5,644.36,3221.8,2302.33,919.47,Consumer,0.05
3f6c21f7,2023-07-15,East,Apparel,20,63.59,1271.8,512.77,759.03,Home Office,0.0
86295b5d,2023-10-02,North,Furniture,24,285.65,6855.6,4906.67,1948.93,Home Office,0.0
5f733a3e,2023-07-23,Central,Furniture,42,215.39,9046.38,4457.27,4589.11,Consumer,0.0
c6435300,2023-12-23,North,Electronics,45,421.95,18987.75,11416.44,7571.31,Corporate,0.0
ca0ac6ac,2023-05-12,Central,Apparel,17,44.9,763.3,431.88,331.42,Home Office,0.05
54669d19,2023-09-03,Central,Furniture,23,175.56,4037.88,1904.67,2133.21,Corporate,0.0
48bddb3e,2023-02-06,Central,Electronics,40,509.85,20394.0,14597.47,5796.53,Corporate,0.0
f6e39356,2023-04-08,North,Furniture,43,367.24,15791.32,10942.84,4848.48,Home Office,0.0
555736f8,2023-12-18,South,Office Supplies,36,18.98,683.28,358.31,324.97,Home Office,0.0
eaafe543,2023-02-01,East,Furniture,28,279.75,7833.0,4925.12,2907.88,Home Office,0.0
b2cf952d,2023-05-16,North,Furniture,19,249.19,4734.61,3321.03,1413.58,Consumer,0.0
b576255e,2023-09-15,East,Office Supplies,1,26.88,26.88,17.54,9.34,Home Office,0.0
a4bbf962,2023-02-02,North,Furniture,29,321.28,9317.12,5636.06,3681.06,Consumer,0.0
ab8cbf97,2023-11-04,North,Apparel,49,49.55,2427.95,1895.2,532.75,Consumer,0.0
ff4625af,2023-09-30,North,Apparel,3,70.29,210.87,142.43,68.44,Consumer,0.05
a561e1e9,2023-09-24,North,Office Supplies,1,23.83,23.83,13.96,9.87,Corporate,0.1
04aac1b7,2023-09-18,East,Electronics,41,604.42,24781.22,18046.66,6734.56,Consumer,0.15
36d55494,2023-05-21,East,Electronics,46,812.19,37360.74,20740.08,16620.66,Corporate,0.15
31274148,2023-05-13,South,Electronics,22,366.18,8055.96,5616.88,2439.08,Home Office,0.0
13c11754,2023-03-29,North,Accessories,18,29.48,530.64,291.95,238.69,Consumer,0.2
81f7f3fb,2023-04-25,West,Accessories,42,23.53,988.26,533.87,454.39,Home Office,0.05
e238fe93,2023-10-27,West,Furniture,11,258.68,2845.48,1885.68,959.8,Home Office,0.15
e05b46c5,2023-07-24,East,Apparel,49,64.46,3158.54,1383.91,1774.63,Home Office,0.0
6070b6a1,2023-10-25,West,Apparel,37,36.11,1336.07,812.9,523.17,Corporate,0.1
b15e54f6,2023-03-01,South,Apparel,35,60.74,2125.9,1481.54,644.36,Home Office,0.05
2a60c652,2023-10-27,West,Furniture,17,391.57,6656.69,3350.26,3306.43,Home Office,0.0
5d42b9e9,2023-10-08,South,Apparel,37,65.89,2437.93,1274.46,1163.47,Consumer,0.05
71b701aa,2023-09-20,East,Electronics,45,525.63,23653.35,11494.7,12158.65,Corporate,0.15
c8a723e9,2023-08-26,South,Office Supplies,15,28.31,424.65,192.56,232.09,Home Office,0.1
4f3949a8,2023-06-24,South,Accessories,49,38.53,1887.97,960.56,927.41,Corporate,0.0
d5c9fdc7,2023-11-11,East,Accessories,30,30.96,928.8,678.36,250.44,Consumer,0.05
92070158,2023-03-17,Central,Apparel,7,34.69,242.83,122.84,119.99,Home Office,0.1
c7332304,2023-06-21,West,Furniture,6,339.94,2039.64,1425.98,613.66,Consumer,0.0
f75d599f,2023-05-29,North,Furniture,22,341.84,7520.48,3109.5,4410.98,Consumer,0.15
9acb394a,2023-03-04,Central,Office Supplies,46,15.06,692.76,525.92,166.84,Home Office,0.0
a4244f23,2023-02-23,Central,Furniture,13,369.88,4808.44,3510.96,1297.48,Corporate,0.05
ef2ddcc4,2023-07-06,North,Office Supplies,38,24.65,936.7,676.92,259.78,Corporate,0.0
d9e604b3,2023-02-09,East,Electronics,15,418.87,6283.05,3277.31,3005.74,Consumer,0.0
290a3abb,2023-02-18,West,Apparel,21,53.34,1120.14,588.2,531.94,Consumer,0.0
25b8a42f,2023-04-16,South,Apparel,36,64.31,2315.16,962.12,1353.04,Home Office,0.0
e916da57,2023-11-19,South,Office Supplies,16,12.99,207.84,115.61,92.23,Consumer,0.05
597e6845,2023-03-28,East,Furniture,10,208.35,2083.5,948.77,1134.73,Consumer,0.0
657e01c9,2023-12-28,East,Apparel,11,47.94,527.34,322.24,205.1,Home Office,0.0
fe9936a3,2023-07-14,Central,Accessories,4,33.36,133.44,99.34,34.1,Corporate,0.05
519554e3,2023-02-01,North,Office Supplies,32,27.82,890.24,597.36,292.88,Corporate,0.0
a663d2cd,2023-12-28,East,Electronics,5,449.43,2247.15,947.75,1299.4,Home Office,0.05
09ce3cfb,2023-05-11,North,Electronics,22,540.41,11889.02,7605.65,4283.37,Home Office,0.0
b231c60b,2023-04-22,South,Apparel,29,39.78,1153.62,899.24,254.38,Corporate,0.0
781799ff,2023-11-19,North,Office Supplies,43,12.03,517.29,348.8,168.49,Corporate,0.0
144823f7,2023-06-24,South,Furniture,13,176.98,2300.74,1458.21,842.53,Consumer,0.0
2646eaf9,2023-01-08,West,Electronics,11,326.09,3586.99,1509.39,2077.6,Consumer,0.0
871c0884,2023-08-02,North,Office Supplies,16,24.45,391.2,264.56,126.64,Home Office,0.0
3cd5fd7f,2023-06-14,Central,Accessories,48,37.28,1789.44,1348.94,440.5,Consumer,0.2
6b79afcc,2023-04-27,West,Electronics,17,449.66,7644.22,4961.5,2682.72,Home Office,0.05
10142131,2023-09-06,Central,Electronics,20,417.99,8359.8,4667.98,3691.82,Consumer,0.15
98c3e3ca,2023-02-13,Central,Electronics,11,306.42,3370.62,2412.57,958.05,Home Office,0.0
93364f7e,2023-07-28,South,Furniture,38,373.92,14208.96,11283.64,2925.32,Consumer,0.2
6de299a1,2023-04-04,West,Electronics,40,246.26,9850.4,4756.85,5093.55,Consumer,0.0
92170475,2023-01-01,West,Apparel,28,63.69,1783.32,757.96,1025.36,Consumer,0.0
15eacbcf,2023-06-11,West,Electronics,38,386.14,14673.32,10944.29,3729.03,Home Office,0.0
f4124360,2023-07-23,South,Apparel,11,63.52,698.72,317.82,380.9,Corporate,0.1
fd034ada,2023-07-24,East,Electronics,23,528.22,12149.06,5259.44,6889.62,Home Office,0.2
df92a621,2023-07-17,South,Apparel,42,41.36,1737.12,827.37,909.75,Consumer,0.0
fb25664d,2023-07-02,East,Accessories,17,21.7,368.9,274.79,94.11,Home Office,0.0
5b6a8102,2023-05-25,Central,Accessories,9,14.74,132.66,87.88,44.78,Corporate,0.1
bba205ca,2023-11-03,North,Apparel,18,69.87,1257.66,565.06,692.6,Home Office,0.0
94f79dba,2023-09-13,North,Office Supplies,40,21.05,842.0,531.91,310.09,Corporate,0.15
0b599562,2023-10-13,West,Accessories,8,22.47,179.76,98.66,81.1,Home Office,0.0
a48e40f1,2023-05-17,West,Electronics,3,439.21,1317.63,962.24,355.39,Corporate,0.05
76f186ab,2023-03-09,North,Apparel,32,44.61,1427.52,1026.52,401.0,Home Office,0.15
cfbe4fe9,2023-09-28,West,Office Supplies,31,12.59,390.29,310.44,79.85,Home Office,0.0
f1901b7e,2023-02-22,Central,Apparel,39,58.35,2275.65,1446.34,829.31,Consumer,0.05
0b36e356,2023-06-27,South,Apparel,20,36.81,736.2,372.63,363.57,Consumer,0.0
50cae32d,2023-11-04,North,Electronics,8,439.21,3513.68,2699.55,814.13,Consumer,0.15
fd372539,2023-12-29,East,Electronics,13,276.18,3590.34,2528.43,1061.91,Home Office,0.0
095ffa81,2023-11-13,South,Office Supplies,30,11.52,345.6,276.42,69.18,Corporate,0.0
5b62a8df,2023-10-20,South,Electronics,21,378.19,7941.99,5305.35,2636.64,Corporate,0.1
a7de02cc,2023-12-01,Central,Electronics,30,565.35,16960.5,10523.38,6437.12,Consumer,0.1
5e368127,2023-05-09,North,Apparel,11,34.47,379.17,159.19,219.98,Consumer,0.1
7092947d,2023-06-19,North,Office Supplies,8,18.79,150.32,115.59,34.73,Consumer,0.05
f945f2fd,2023-12-14,South,Furniture,11,414.74,4562.14,2209.5,2352.64,Corporate,0.05
5e0a72ab,2023-03-14,Central,Apparel,6,58.64,351.84,192.23,159.61,Corporate,0.0
cd180a82,2023-12-25,East,Office Supplies,41,17.54,719.14,371.8,347.34,Consumer,0.2
6e3c4532,2023-02-02,East,Office Supplies,17,13.43,228.31,150.99,77.32,Corporate,0.0
8ba435cc,2023-08-22,Central,Apparel,4,56.77,227.08,121.69,105.39,Consumer,0.0
53f28f11,2023-04-25,North,Apparel,46,47.55,2187.3,1570.03,617.27,Home Office,0.0
9a45693d,2023-09-14,East,Apparel,42,59.97,2518.74,1949.99,568.75,Corporate,0.15
71a3fad2,2023-10-06,West,Electronics,47,453.35,21307.45,9910.44,11397.01,Home Office,0.0
debac186,2023-05-17,Central,Furniture,34,221.18,7520.12,3541.05,3979.07,Consumer,0.0
6f5842c3,2023-12-21,East,Electronics,15,585.38,8780.7,5136.33,3644.37,Consumer,0.05
f2a9dc8a,2023-04-17,South,Apparel,23,47.3,1087.9,735.88,352.02,Consumer,0.0
67fd64c4,2023-01-23,South,Electronics,21,559.39,11747.19,6719.19,5028.0,Consumer,0.1
adedda80,2023-05-22,Central,Apparel,33,53.48,1764.84,1376.5,388.34,Corporate,0.0
d942644c,2023-03-04,North,Electronics,5,426.75,2133.75,1156.6,977.15,Home Office,0.0
08e895d7,2023-08-24,West,Office Supplies,21,21.06,442.26,293.14,149.12,Home Office,0.0
a52964ff,2023-02-19,South,Furniture,49,376.34,18440.66,7986.53,10454.13,Home Office,0.1
9136f1f8,2023-05-23,Central,Electronics,37,651.64,24110.68,9957.17,14153.51,Corporate,0.15
732e2016,2023-01-13,West,Electronics,26,560.21,14565.46,10425.91,4139.55,Home Office,0.0
13aec376,2023-05-25,Central,Apparel,30,30.92,927.6,389.72,537.88,Consumer,0.05
65e58f34,2023-08-11,Central,Office Supplies,1,16.56,16.56,7.54,9.02,Corporate,0.0
f5e4a471,2023-05-03,Central,Apparel,22,28.36,623.92,340.05,283.87,Home Office,0.0
7fc15858,2023-02-14,South,Electronics,38,467.14,17751.32,10414.3,7337.02,Corporate,0.15
1e2595b8,2023-07-21,East,Electronics,47,522.94,24578.18,17321.56,7256.62,Consumer,0.0
723ef466,2023-04-12,Central,Electronics,6,391.89,2351.34,1579.35,771.99,Corporate,0.05
b1a8b71f,2023-03-25,North,Office Supplies,47,10.05,472.35,219.4,252.95,Corporate,0.2
1f652a87,2023-12-22,North,Accessories,14,26.05,364.7,155.87,208.83,Home Office,0.0
2c33350c,2023-02-22,East,Electronics,35,478.35,16742.25,10384.64,6357.61,Corporate,0.1
1679742f,2023-12-16,Central,Furniture,7,262.18,1835.26,921.55,913.71,Consumer,0.0
fc902838,2023-11-11,West,Furniture,14,245.79,3441.06,1772.84,1668.22,Home Office,0.0
109fd8ee,2023-05-05,West,Furniture,28,257.5,7210.0,4378.71,2831.29,Corporate,0.0
4cc9f5f2,2023-08-02,East,Electronics,39,535.35,20878.65,16154.26,4724.39,Home Office,0.0
ed6522b4,2023-11-27,Central,Office Supplies,35,18.98,664.3,290.0,374.3,Corporate,0.0
5c8ac066,2023-09-29,Central,Apparel,39,57.75,2252.25,1032.82,1219.43,Consumer,0.0
3373730e,2023-07-17,South,Electronics,44,555.3,24433.2,13477.75,10955.45,Home Office,0.0
7e7838c9,2023-11-04,South,Apparel,40,32.78,1311.2,997.34,313.86,Corporate,0.0
5e70f65f,2023-01-11,East,Office Supplies,42,21.45,900.9,362.66,538.24,Consumer,0.05
2138afe0,2023-07-01,West,Electronics,19,630.8,11985.2,8655.38,3329.82,Corporate,0.0
4f2dad3f,2023-08-26,East,Furniture,42,229.27,9629.34,3950.99,5678.35,Home Office,0.0
7a89cbeb,2023-06-04,South,Electronics,41,480.35,19694.35,11792.15,7902.2,Home Office,0.0
d2c65ee4,2023-07-24,West,Electronics,48,594.92,28556.16,16474.07,12082.09,Corporate,0.15
5128b9b1,2023-08-12,North,Apparel,30,60.49,1814.7,844.21,970.49,Home Office,0.0
ae1b9f69,2023-09-07,Central,Apparel,45,66.55,2994.75,1562.78,1431.97,Consumer,0.0
d43cdd6d,2023-07-20,South,Accessories,42,29.05,1220.1,906.76,313.34,Home Office,0.0
2e9522d6,2023-10-31,North,Apparel,47,49.74,2337.78,1166.9,1170.88,Corporate,0.0
80bbae52,2023-10-26,Central,Office Supplies,2,20.23,40.46,25.35,15.11,Home Office,0.0
1fc905f8,2023-12-20,West,Furniture,43,257.06,11053.58,7983.55,3070.03,Consumer,0.0
2976aab2,2023-07-21,West,Apparel,5,51.42,257.1,132.39,124.71,Home Office,0.0
5894f7f1,2023-05-06,South,Apparel,37,44.96,1663.52,1149.51,514.01,Home Office,0.0
143029a9,2023-07-21,West,Electronics,42,433.1,18190.2,13903.15,4287.05,Consumer,0.0
8d03f17a,2023-04-08,West,Furniture,32,242.55,7761.6,5214.86,2546.74,Consumer,0.1
9d4b2bf9,2023-04-17,Central,Furniture,34,331.51,11271.34,5679.98,5591.36,Corporate,0.0
2b2bb8e9,2023-07-27,West,Electronics,19,386.22,7338.18,4837.64,2500.54,Home Office,0.1
2bd3cdcd,2023-08-18,West,Apparel,4,54.68,218.72,94.66,124.06,Consumer,0.2
9aea622f,2023-09-13,Central,Accessories,42,42.49,1784.58,1074.05,710.53,Home Office,0.0
0a8bb5b4,2023-05-12,East,Office Supplies,31,18.88,585.28,379.12,206.16,Corporate,0.0
0ba36279,2023-11-17,West,Apparel,32,31.74,1015.68,751.84,263.84,Corporate,0.0
a6b07458,2023-09-07,East,Electronics,11,646.96,7116.56,2892.74,4223.82,Corporate,0.0
9e3c5a88,2023-03-23,North,Apparel,28,52.95,1482.6,708.69,773.91,Home Office,0.0
a08dd21b,2023-09-06,South,Apparel,42,59.0,2478.0,1312.68,1165.32,Corporate,0.15
4d560a3d,2023-07-31,South,Apparel,2,54.51,109.02,68.7,40.32,Corporate,0.0
af5b8f47,2023-07-07,West,Apparel,10,39.5,395.0,256.8,138.2,Consumer,0.05
b048faa1,2023-06-07,Central,Apparel,45,57.57,2590.65,1664.23,926.42,Corporate,0.0
7bf7e1d3,2023-01-24,North,Accessories,32,34.68,1109.76,591.27,518.49,Corporate,0.0
24c778a5,2023-06-30,North,Electronics,20,496.1,9922.0,5884.59,4037.41,Corporate,0.0
bbf483ce,2023-05-02,West,Apparel,27,61.67,1665.09,931.04,734.05,Home Office,0.15
2179e3f0,2023-12-01,West,Electronics,39,550.95,21487.05,12894.62,8592.43,Corporate,0.0
1b2ededb,2023-10-23,Central,Office Supplies,14,21.51,301.14,138.61,162.53,Corporate,0.05
44790612,2023-05-04,West,Apparel,16,53.11,849.76,677.91,171.85,Consumer,0.0
0cf477ef,2023-06-24,Central,Apparel,18,34.61,622.98,437.66,185.32,Home Office,0.15
9d896047,2023-04-23,Central,Office Supplies,14,22.03,308.42,177.94,130.48,Corporate,0.05
e6fdd7af,2023-06-12,North,Apparel,14,49.17,688.38,362.99,325.39,Home Office,0.0
93e34c35,2023-03-04,East,Electronics,43,181.22,7792.46,3117.08,4675.38,Home Office,0.0
28caaa1d,2023-10-08,West,Electronics,23,633.22,14564.06,8062.91,6501.15,Corporate,0.05
7faeb748,2023-07-13,West,Electronics,8,522.66,4181.28,1831.34,2349.94,Home Office,0.0
170d7507,2023-12-08,East,Office Supplies,26,12.15,315.9,186.57,129.33,Consumer,0.0
3da06476,2023-06-02,Central,Apparel,8,46.05,368.4,193.81,174.59,Home Office,0.0
0cf0374c,2023-03-25,West,Electronics,27,518.96,14011.92,7043.76,6968.16,Home Office,0.15
d7c4fe9c,2023-04-20,East,Apparel,45,40.07,1803.15,1284.09,519.06,Consumer,0.0
896490ab,2023-09-12,West,Furniture,45,278.31,12523.95,5638.53,6885.42,Corporate,0.0
22498f66,2023-01-04,East,Furniture,43,324.99,13974.57,7142.93,6831.64,Consumer,0.0
c38c1dec,2023-12-09,East,Apparel,12,42.49,509.88,213.76,296.12,Corporate,0.1
0d18ab95,2023-06-06,South,Furniture,6,297.31,1783.86,893.58,890.28,Corporate,0.05
8da00495,2023-08-10,West,Apparel,40,38.96,1558.4,1180.42,377.98,Home Office,0.05
734a6ca3,2023-04-23,Central,Accessories,12,30.81,369.72,251.67,118.05,Corporate,0.0
fd350c5f,2023-10-24,East,Accessories,46,31.92,1468.32,1160.08,308.24,Consumer,0.05
20f0156a,2023-08-31,North,Accessories,4,31.05,124.2,69.35,54.85,Consumer,0.05
fc9e1dcb,2023-02-07,South,Furniture,41,268.84,11022.44,6986.21,4036.23,Home Office,0.0
c14565c7,2023-05-12,North,Electronics,19,465.91,8852.29,3812.59,5039.7,Corporate,0.0
66c14dca,2023-02-26,West,Accessories,16,29.18,466.88,370.85,96.03,Corporate,0.0
2314d0c8,2023-07-14,Central,Furniture,38,363.62,13817.56,8043.94,5773.62,Consumer,0.15
84f2fd0f,2023-10-05,North,Accessories,41,26.58,1089.78,664.88,424.9,Corporate,0.0
83f82f16,2023-06-27,West,Electronics,44,423.38,18628.72,10370.55,8258.17,Corporate,0.0
518b2f21,2023-02-24,West,Electronics,26,423.07,10999.82,4912.42,6087.4,Home Office,0.0
bd44089d,2023-03-05,West,Electronics,27,473.87,12794.49,8151.48,4643.01,Consumer,0.0
81df6517,2023-11-24,West,Apparel,35,47.78,1672.3,1067.38,604.92,Consumer,0.0
b56ff8ce,2023-11-18,South,Furniture,41,231.04,9472.64,6928.06,2544.58,Corporate,0.0
044251db,2023-08-07,South,Office Supplies,30,14.43,432.9,206.96,225.94,Consumer,0.0
fada98f5,2023-05-24,South,Accessories,26,23.93,622.18,292.96,329.22,Corporate,0.05
e61599c8,2023-06-11,East,Office Supplies,31,22.11,685.41,367.89,317.52,Corporate,0.0
06d25913,2023-10-09,Central,Electronics,15,628.14,9422.1,6069.26,3352.84,Home Office,0.0
a7d4cf50,2023-08-20,South,Office Supplies,43,26.47,1138.21,867.56,270.65,Home Office,0.0
93dfd907,2023-11-01,East,Apparel,18,47.39,853.02,431.45,421.57,Corporate,0.1
7afeb114,2023-03-30,South,Apparel,6,25.66,153.96,62.48,91.48,Home Office,0.2
9ea7017c,2023-03-08,West,Furniture,49,209.39,10260.11,6449.95,3810.16,Consumer,0.1
d25864f2,2023-10-28,Central,Office Supplies,42,23.16,972.72,600.36,372.36,Corporate,0.0
f2bd92f2,2023-09-22,Central,Electronics,3,449.17,1347.51,638.43,709.08,Consumer,0.0
70e7e756,2023-09-30,West,Furniture,13,250.26,3253.38,1918.76,1334.62,Home Office,0.0
b0c4a01c,2023-05-02,Central,Office Supplies,16,17.51,280.16,175.49,104.67,Consumer,0.0
9c89d374,2023-03-21,Central,Electronics,7,517.53,3622.71,2384.57,1238.14,Consumer,0.0
bc5fd4dd,2023-12-24,North,Electronics,12,366.33,4395.96,3488.69,907.27,Corporate,0.1
84c86c46,2023-10-10,North,Electronics,23,597.78,13748.94,5921.71,7827.23,Home Office,0.05
a987b218,2023-03-22,East,Furniture,32,173.66,5557.12,3311.25,2245.87,Consumer,0.0
f4e95734,2023-07-05,North,Electronics,3,505.23,1515.69,1190.22,325.47,Home Office,0.0
57a2be4e,2023-03-09,Central,Electronics,20,549.08,10981.6,5179.06,5802.54,Home Office,0.0
de1e994a,2023-08-01,South,Office Supplies,47,16.41,771.27,549.89,221.38,Home Office,0.0
b17cfb21,2023-10-07,South,Apparel,45,36.88,1659.6,812.98,846.62,Consumer,0.05
f5141058,2023-04-13,East,Accessories,23,26.37,606.51,420.08,186.43,Consumer,0.1
3990e2c9,2023-04-06,East,Electronics,49,582.57,28545.93,22348.0,6197.93,Home Office,0.0
35102852,2023-04-26,East,Furniture,38,330.16,12546.08,10019.43,2526.65,Home Office,0.0
7ad465a1,2023-09-26,West,Apparel,22,25.07,551.54,414.67,136.87,Consumer,0.2
cb9faf6d,2023-05-16,North,Furniture,23,142.38,3274.74,1778.59,1496.15,Home Office,0.0
92cf6021,2023-10-08,North,Apparel,39,44.79,1746.81,1085.45,661.36,Consumer,0.0
faebcd19,2023-09-20,East,Apparel,42,44.05,1850.1,1257.58,592.52,Home Office,0.05
c5e78b23,2023-06-03,Central,Furniture,21,297.89,6255.69,4341.51,1914.18,Consumer,0.0
49a22441,2023-11-09,West,Electronics,28,534.67,14970.76,7714.04,7256.72,Corporate,0.0
713f8f8c,2023-10-05,East,Electronics,38,751.16,28544.08,12460.16,16083.92,Home Office,0.0
36c7d6fa,2023-09-12,East,Electronics,35,411.06,14387.1,6476.36,7910.74,Home Office,0.15
eedaa802,2023-03-20,West,Electronics,49,637.83,31253.67,23273.54,7980.13,Home Office,0.0
1bf645f6,2023-08-07,South,Office Supplies,23,26.24,603.52,461.82,141.7,Consumer,0.0
3e11bafe,2023-08-28,North,Electronics,44,456.13,20069.72,14375.47,5694.25,Corporate,0.0
39c59df9,2023-01-20,Central,Office Supplies,21,27.68,581.28,251.48,329.8,Home Office,0.05
69ce1e4e,2023-09-05,South,Office Supplies,18,15.11,271.98,139.61,132.37,Consumer,0.1
ae62990c,2023-05-09,West,Office Supplies,9,15.55,139.95,70.87,69.08,Home Office,0.0
8ce3e7c3,2023-10-27,West,Apparel,5,39.7,198.5,124.23,74.27,Corporate,0.15
ef5e4376,2023-12-27,Central,Accessories,42,25.0,1050.0,475.83,574.17,Home Office,0.0
a689b424,2023-12-09,North,Electronics,11,567.44,6241.84,3047.64,3194.2,Consumer,0.0
52380bf2,2023-03-19,West,Office Supplies,12,22.8,273.6,113.85,159.75,Home Office,0.0
c4cb294f,2023-04-21,West,Electronics,40,475.65,19026.0,13727.3,5298.7,Consumer,0.15
88ffbd40,2023-02-04,South,Apparel,31,40.14,1244.34,832.07,412.27,Consumer,0.0
098c60b3,2023-10-14,West,Electronics,6,471.58,2829.48,1547.12,1282.36,Home Office,0.0
e1dace6a,2023-12-21,West,Apparel,19,58.21,1105.99,801.66,304.33,Consumer,0.0
094d916d,2023-11-22,North,Furniture,35,302.74,10595.9,7824.54,2771.36,Consumer,0.05
2fb21e66,2023-11-21,West,Furniture,19,309.27,5876.13,2979.0,2897.13,Home Office,0.0
ed10f004,2023-12-30,West,Office Supplies,19,20.44,388.36,291.35,97.01,Home Office,0.15
4c636e95,2023-04-23,East,Apparel,36,54.45,1960.2,1525.05,435.15,Consumer,0.0
fba57cc8,2023-08-09,North,Apparel,11,41.74,459.14,277.43,181.71,Home Office,0.0
a42d0cd7,2023-05-11,West,Apparel,38,49.86,1894.68,821.73,1072.95,Corporate,0.05
f0458043,2023-07-30,East,Apparel,20,48.7,974.0,502.37,471.63,Corporate,0.15
45d8a6ad,2023-02-22,North,Accessories,29,35.07,1017.03,509.46,507.57,Home Office,0.05
2999394c,2023-03-16,Central,Electronics,27,615.12,16608.24,13017.35,3590.89,Corporate,0.0
b7f60cdf,2023-10-11,North,Apparel,42,36.55,1535.1,1056.38,478.72,Consumer,0.0
ca6fbff8,2023-03-14,North,Furniture,5,312.7,1563.5,1239.07,324.43,Home Office,0.05
317304b5,2023-04-25,East,Apparel,48,40.22,1930.56,1451.22,479.34,Home Office,0.05
e5a4983b,2023-03-10,South,Electronics,6,640.68,3844.08,2075.49,1768.59,Corporate,0.05
53f30073,2023-06-07,East,Office Supplies,13,23.99,311.87,173.79,138.08,Corporate,0.15
2f4dd219,2023-02-03,Central,Accessories,15,25.62,384.3,208.63,175.67,Consumer,0.0
3f800385,2023-02-24,South,Furniture,29,259.74,7532.46,4208.4,3324.06,Corporate,0.0
725d4259,2023-01-03,North,Office Supplies,29,19.48,564.92,331.72,233.2,Consumer,0.1
4d4c5280,2023-10-20,East,Apparel,49,45.8,2244.2,939.03,1305.17,Consumer,0.05
42f525b9,2023-08-15,North,Accessories,5,25.9,129.5,65.25,64.25,Home Office,0.0
0fe76149,2023-09-11,North,Furniture,2,328.73,657.46,307.12,350.34,Corporate,0.05
28e333b6,2023-09-17,North,Apparel,1,56.8,56.8,27.99,28.81,Consumer,0.0
e5267a2b,2023-06-07,West,Electronics,27,642.89,17358.03,11933.42,5424.61,Consumer,0.05
b0b6dedf,2023-12-11,West,Accessories,16,21.16,338.56,166.93,171.63,Corporate,0.0
4b87959f,2023-02-15,North,Furniture,18,399.72,7194.96,4853.76,2341.2,Consumer,0.0
f5159494,2023-05-23,South,Apparel,30,46.68,1400.4,995.99,404.41,Corporate,0.0
bf6b8cdf,2023-02-21,South,Accessories,40,35.46,1418.4,1070.33,348.07,Consumer,0.15
8c9aa1e9,2023-08-24,East,Electronics,26,428.98,11153.48,6003.16,5150.32,Home Office,0.0
cd4f8b2b,2023-12-21,South,Electronics,6,600.18,3601.08,1441.29,2159.79,Consumer,0.2
3f59e4f2,2023-09-15,North,Electronics,47,450.24,21161.28,10029.77,11131.51,Corporate,0.0
c9912032,2023-09-22,West,Furniture,30,323.16,9694.8,7010.76,2684.04,Home Office,0.0
b42a0456,2023-02-01,South,Apparel,30,49.5,1485.0,629.77,855.23,Home Office,0.2
1cb9b73a,2023-05-21,North,Apparel,22,40.16,883.52,468.72,414.8,Corporate,0.15
8167999f,2023-01-24,Central,Electronics,21,599.08,12580.68,7773.0,4807.68,Consumer,0.0
2a1f1b61,2023-03-20,North,Electronics,16,525.72,8411.52,3409.12,5002.4,Consumer,0.1
1dc1e7eb,2023-05-08,East,Electronics,23,475.93,10946.39,8673.02,2273.37,Consumer,0.0
7d23d479,2023-09-22,South,Furniture,4,279.69,1118.76,712.53,406.23,Corporate,0.0
cf0671c7,2023-02-05,Central,Furniture,12,394.8,4737.6,3404.33,1333.27,Consumer,0.05
6a5943ce,2023-01-22,Central,Furniture,19,224.13,4258.47,1771.2,2487.27,Corporate,0.0
765e6cb5,2023-06-27,West,Accessories,33,19.24,634.92,264.91,370.01,Consumer,0.15
0592bfa5,2023-09-19,East,Accessories,2,27.6,55.2,43.75,11.45,Home Office,0.0
beed0af9,2023-06-03,Central,Furniture,15,316.16,4742.4,3089.33,1653.07,Consumer,0.0
6c776e95,2023-03-26,North,Office Supplies,7,21.12,147.84,106.93,40.91,Home Office,0.1
fe7ee362,2023-05-14,Central,Furniture,32,351.71,11254.72,8672.02,2582.7,Corporate,0.0
fc737d92,2023-01-24,South,Apparel,21,40.32,846.72,405.3,441.42,Home Office,0.05
68ab80ea,2023-12-29,East,Office Supplies,16,18.76,300.16,203.64,96.52,Home Office,0.1
a43afb7a,2023-03-11,West,Electronics,46,279.83,12872.18,7096.3,5775.88,Corporate,0.15
5fdcabbf,2023-10-11,North,Apparel,22,27.02,594.44,254.96,339.48,Corporate,0.0
eac80da1,2023-12-13,South,Apparel,48,43.96,2110.08,912.04,1198.04,Corporate,0.0
aec76a82,2023-12-19,North,Electronics,2,361.65,723.3,404.26,319.04,Corporate,0.1
a74e02a9,2023-09-15,West,Accessories,48,39.89,1914.72,949.87,964.85,Corporate,0.15
fe2b34d8,2023-12-01,South,Office Supplies,18,22.51,405.18,280.2,124.98,Consumer,0.0
ba54e920,2023-07-28,North,Furniture,49,460.68,22573.32,14257.0,8316.32,Consumer,0.0
05d1fb63,2023-03-28,East,Furniture,37,303.88,11243.56,8421.99,2821.57,Corporate,0.15
8b60c511,2023-04-26,North,Apparel,46,49.36,2270.56,1352.39,918.17,Corporate,0.15
3acb43a3,2023-06-14,East,Office Supplies,33,22.15,730.95,418.35,312.6,Home Office,0.05
4690fb15,2023-04-07,North,Apparel,35,33.36,1167.6,721.39,446.21,Consumer,0.05
c3f725fe,2023-03-15,North,Electronics,10,604.91,6049.1,2570.88,3478.22,Corporate,0.0
6b535a19,2023-02-13,West,Office Supplies,20,22.34,446.8,276.25,170.55,Corporate,0.0
e39836bb,2023-08-27,North,Apparel,45,42.63,1918.35,1059.3,859.05,Home Office,0.2
19d45deb,2023-01-07,Central,Furniture,2,246.95,493.9,374.96,118.94,Consumer,0.05
ac09bdb7,2023-08-19,South,Apparel,21,24.12,506.52,244.34,262.18,Corporate,0.0
bd9419aa,2023-10-01,Central,Apparel,48,38.21,1834.08,1267.8,566.28,Home Office,0.0
8a2db2e6,2023-01-18,South,Apparel,14,51.72,724.08,455.75,268.33,Corporate,0.15
0e731dd7,2023-03-26,Central,Apparel,22,34.34,755.48,360.13,395.35,Home Office,0.0
3bf2025f,2023-02-24,East,Apparel,37,60.26,2229.62,1584.63,644.99,Home Office,0.05
51a3ac26,2023-11-13,East,Electronics,23,466.31,10725.13,4893.01,5832.12,Corporate,0.0
d18183d1,2023-08-13,Central,Apparel,11,52.56,578.16,394.15,184.01,Corporate,0.05
24acb722,2023-05-05,East,Furniture,14,243.13,3403.82,1487.76,1916.06,Corporate,0.0
4ceda164,2023-09-14,South,Electronics,3,560.55,1681.65,876.32,805.33,Home Office,0.0
97777f10,2023-04-17,West,Electronics,34,645.8,21957.2,17300.68,4656.52,Consumer,0.0
a0411612,2023-12-08,West,Apparel,34,35.04,1191.36,564.13,627.23,Consumer,0.05
0c00988a,2023-09-21,North,Office Supplies,9,13.66,122.94,55.88,67.06,Corporate,0.1
61935990,2023-05-14,West,Electronics,12,433.7,5204.4,3136.56,2067.84,Corporate,0.05
6a944054,2023-11-02,Central,Electronics,30,293.49,8804.7,6117.97,2686.73,Corporate,0.15
2f12b150,2023-06-08,West,Apparel,6,50.28,301.68,187.38,114.3,Corporate,0.0
d96e684f,2023-10-20,East,Electronics,8,397.52,3180.16,1629.96,1550.2,Home Office,0.0
24f43c62,2023-03-29,East,Apparel,28,44.79,1254.12,554.9,699.22,Corporate,0.0
8ff8869d,2023-11-09,North,Apparel,32,49.73,1591.36,1140.65,450.71,Consumer,0.0
87ad8b26,2023-06-10,Central,Apparel,7,53.78,376.46,216.52,159.94,Consumer,0.0
340de049,2023-02-22,North,Furniture,20,430.2,8604.0,5406.43,3197.57,Corporate,0.0
73253aa3,2023-05-09,Central,Apparel,10,35.76,357.6,200.86,156.74,Consumer,0.2
b97e6224,2023-11-25,South,Office Supplies,33,26.39,870.87,447.7,423.17,Home Office,0.05
608e149e,2023-11-19,East,Electronics,16,580.21,9283.36,4894.33,4389.03,Corporate,0.0
dfa59722,2023-09-19,South,Accessories,5,23.62,118.1,71.58,46.52,Corporate,0.0
966be275,2023-01-29,West,Accessories,44,25.83,1136.52,892.71,243.81,Consumer,0.15
7ab99428,2023-10-09,West,Electronics,37,606.67,22446.79,12084.08,10362.71,Home Office,0.0
4d9dbaeb,2023-03-23,West,Apparel,15,46.78,701.7,527.63,174.07,Consumer,0.0
30a5648e,2023-12-20,West,Office Supplies,46,16.03,737.38,563.01,174.37,Home Office,0.0
c11bd1c4,2023-10-15,West,Apparel,1,43.67,43.67,21.12,22.55,Corporate,0.15
9aba0f15,2023-07-05,Central,Furniture,45,276.7,12451.5,5994.33,6457.17,Consumer,0.2
3d44cb2c,2023-10-01,Central,Furniture,44,281.66,12393.04,7167.27,5225.77,Consumer,0.0
61730c48,2023-08-03,North,Electronics,12,670.45,8045.4,5217.24,2828.16,Home Office,0.0
4ef4c34d,2023-07-01,South,Apparel,42,37.72,1584.24,943.01,641.23,Corporate,0.0
7f4d908c,2023-04-12,South,Furniture,33,333.65,11010.45,8472.17,2538.28,Home Office,0.0
b8f0188e,2023-06-30,North,Electronics,15,374.66,5619.9,2391.37,3228.53,Home Office,0.0
ea11905b,2023-07-02,South,Furniture,4,239.65,958.6,475.09,483.51,Consumer,0.0
0bb401e7,2023-03-20,Central,Apparel,43,32.91,1415.13,1102.49,312.64,Home Office,0.05
255b30e2,2023-08-07,South,Apparel,4,38.87,155.48,77.28,78.2,Corporate,0.15
95831d58,2023-01-07,West,Electronics,42,496.73,20862.66,11427.35,9435.31,Corporate,0.0
27046f25,2023-08-13,East,Electronics,35,679.63,23787.05,9673.34,14113.71,Corporate,0.05
91ddb9bf,2023-03-18,West,Apparel,9,57.97,521.73,330.84,190.89,Home Office,0.0
a7946320,2023-11-20,East,Office Supplies,24,11.32,271.68,166.94,104.74,Consumer,0.15
d253d966,2023-09-23,West,Accessories,30,26.92,807.6,447.75,359.85,Home Office,0.05
bd5609c4,2023-07-09,South,Apparel,49,56.25,2756.25,1345.84,1410.41,Corporate,0.0
cb8383f2,2023-07-10,West,Furniture,21,322.75,6777.75,3499.7,3278.05,Corporate,0.1
8bea75c1,2023-05-17,East,Furniture,18,303.21,5457.78,3744.87,1712.91,Home Office,0.0
8ac97b01,2023-07-09,North,Electronics,4,368.65,1474.6,811.53,663.07,Corporate,0.0
08a8ac7f,2023-09-07,South,Furniture,41,408.8,16760.8,13299.44,3461.36,Home Office,0.0
d1682e09,2023-11-22,North,Apparel,39,46.57,1816.23,1188.48,627.75,Corporate,0.0
6992896e,2023-09-17,North,Electronics,31,567.54,17593.74,10254.05,7339.69,Home Office,0.1
116658ce,2023-02-23,North,Electronics,33,486.74,16062.42,10077.13,5985.29,Home Office,0.0
8177b661,2023-10-02,South,Electronics,31,609.73,18901.63,14568.68,4332.95,Corporate,0.0
a3422e50,2023-06-27,West,Office Supplies,25,13.74,343.5,269.15,74.35,Consumer,0.0
7bb3447b,2023-09-16,North,Electronics,33,420.62,13880.46,6410.11,7470.35,Home Office,0.0
883f13c6,2023-09-14,Central,Electronics,44,514.94,22657.36,9851.12,12806.24,Consumer,0.0
8787ea21,2023-08-03,East,Electronics,49,504.55,24722.95,10029.57,14693.38,Home Office,0.0
49646b96,2023-10-08,West,Apparel,5,55.58,277.9,221.81,56.09,Consumer,0.2
ac8d6c7d,2023-01-07,North,Apparel,40,49.94,1997.6,1281.06,716.54,Consumer,0.0
2de46e91,2023-06-17,Central,Office Supplies,19,24.71,469.49,302.6,166.89,Consumer,0.15
261e2555,2023-02-11,East,Electronics,17,517.74,8801.58,6325.33,2476.25,Consumer,0.1
409e7a80,2023-04-04,North,Electronics,45,290.01,13050.45,7853.78,5196.67,Home Office,0.0
659b0105,2023-11-13,West,Office Supplies,48,20.29,973.92,725.93,247.99,Home Office,0.15
7580e050,2023-01-31,South,Apparel,31,54.71,1696.01,1165.51,530.5,Home Office,0.0
39d1c7ff,2023-08-08,West,Furniture,9,277.14,2494.26,1962.22,532.04,Home Office,0.0
14a34f7f,2023-04-27,West,Apparel,39,55.46,2162.94,1701.47,461.47,Consumer,0.15
c27437eb,2023-09-11,South,Office Supplies,22,17.7,389.4,191.63,197.77,Home Office,0.0
608e2f5c,2023-01-13,North,Furniture,31,278.85,8644.35,5155.56,3488.79,Consumer,0.05
026b5383,2023-08-03,South,Furniture,12,391.34,4696.08,2859.91,1836.17,Corporate,0.1
d867888b,2023-09-30,North,Apparel,39,50.77,1980.03,1328.1,651.93,Corporate,0.0
90dbfad6,2023-06-18,Central,Apparel,34,48.61,1652.74,804.94,847.8,Corporate,0.05
873570a2,2023-11-30,East,Electronics,12,620.51,7446.12,4418.68,3027.44,Consumer,0.05
e6b9d31a,2023-12-23,South,Electronics,39,400.74,15628.86,11004.77,4624.09,Corporate,0.0
79ba630a,2023-12-04,Central,Furniture,24,356.04,8544.96,6378.73,2166.23,Home Office,0.0
af36b8cc,2023-04-16,West,Electronics,40,411.27,16450.8,8342.48,8108.32,Consumer,0.1
90422eb7,2023-12-26,West,Apparel,13,63.6,826.8,449.67,377.13,Consumer,0.0
d9b59f84,2023-09-13,North,Electronics,41,438.19,17965.79,13411.34,4554.45,Corporate,0.0
9647ff9f,2023-05-03,East,Electronics,12,447.69,5372.28,3711.21,1661.07,Home Office,0.2
d226a8b3,2023-02-25,North,Electronics,45,575.47,25896.15,11978.13,13918.02,Corporate,0.0
299656e2,2023-06-04,Central,Electronics,5,519.94,2599.7,1578.83,1020.87,Corporate,0.15
d9750f00,2023-08-08,South,Office Supplies,34,18.24,620.16,359.51,260.65,Consumer,0.0
54ec3f33,2023-06-01,North,Electronics,20,494.86,9897.2,5236.85,4660.35,Corporate,0.0
ca5e151b,2023-05-30,West,Electronics,17,376.62,6402.54,3339.88,3062.66,Corporate,0.1
bed63da0,2023-09-25,South,Apparel,20,48.35,967.0,430.88,536.12,Consumer,0.1
3b6dca0d,2023-05-15,Central,Apparel,33,67.18,2216.94,917.26,1299.68,Corporate,0.0
c4dd8df5,2023-11-22,Central,Furniture,31,150.46,4664.26,2418.96,2245.3,Home Office,0.0
f80b2cea,2023-08-27,West,Apparel,33,51.91,1713.03,1019.97,693.06,Corporate,0.0
45f8c28d,2023-10-28,North,Electronics,5,410.65,2053.25,1354.78,698.47,Consumer,0.0
3a67470c,2023-11-01,West,Office Supplies,27,23.98,647.46,315.92,331.54,Home Office,0.0
6e8d9644,2023-05-19,Central,Electronics,5,349.02,1745.1,1356.28,388.82,Corporate,0.2
614c721d,2023-03-14,South,Office Supplies,19,16.39,311.41,204.17,107.24,Home Office,0.0
cc4d5819,2023-02-03,East,Apparel,29,59.47,1724.63,1331.88,392.75,Consumer,0.2
4499d0a6,2023-04-06,East,Apparel,21,32.61,684.81,279.85,404.96,Home Office,0.05
a247541d,2023-03-01,East,Office Supplies,35,15.79,552.65,340.25,212.4,Home Office,0.1
5c56d9bc,2023-03-01,East,Furniture,3,290.14,870.42,370.53,499.89,Consumer,0.0
4eea9db8,2023-02-11,Central,Apparel,34,48.83,1660.22,975.56,684.66,Consumer,0.15
1a2bd69c,2023-06-22,South,Furniture,21,278.95,5857.95,3175.67,2682.28,Consumer,0.05
72e76b51,2023-02-21,South,Apparel,44,27.82,1224.08,517.59,706.49,Consumer,0.0
1a7167c7,2023-08-05,East,Electronics,16,600.14,9602.24,7262.49,2339.75,Home Office,0.0
17d30f32,2023-01-11,South,Apparel,38,52.65,2000.7,1201.25,799.45,Corporate,0.0
dd1ca267,2023-08-20,North,Apparel,8,69.29,554.32,295.76,258.56,Home Office,0.05
6346d4ef,2023-05-30,Central,Apparel,20,43.95,879.0,532.33,346.67,Corporate,0.0
8f3dc97f,2023-10-30,North,Office Supplies,9,20.8,187.2,118.49,68.71,Consumer,0.0
926bffa5,2023-12-18,North,Apparel,16,46.81,748.96,457.0,291.96,Corporate,0.0
2b64777c,2023-07-22,Central,Furniture,9,296.26,2666.34,1344.27,1322.07,Home Office,0.05
7e3d5ee4,2023-02-23,South,Electronics,36,549.09,19767.24,10150.86,9616.38,Corporate,0.0
46a56fe8,2023-02-26,North,Apparel,27,51.07,1378.89,653.1,725.79,Corporate,0.0
13b11e59,2023-06-13,Central,Furniture,2,323.24,646.48,276.9,369.58,Corporate,0.1
b88cddde,2023-05-21,West,Apparel,20,45.39,907.8,595.68,312.12,Consumer,0.0
320f72c0,2023-08-31,Central,Electronics,30,575.66,17269.8,8358.02,8911.78,Home Office,0.05
01bb819c,2023-06-27,East,Electronics,44,497.7,21898.8,8887.82,13010.98,Corporate,0.1
614077d3,2023-06-03,West,Electronics,40,436.66,17466.4,8010.89,9455.51,Consumer,0.0
55b145e4,2023-11-09,North,Furniture,1,251.69,251.69,145.78,105.91,Home Office,0.0
a6aa59e5,2023-06-17,East,Electronics,39,607.68,23699.52,18069.82,5629.7,Corporate,0.0
9a6c0db9,2023-08-19,East,Furniture,12,329.83,3957.96,1747.0,2210.96,Home Office,0.0
2d79a2d1,2023-09-28,West,Office Supplies,36,18.82,677.52,322.56,354.96,Consumer,0.0
bc20b9f2,2023-06-04,East,Furniture,36,381.51,13734.36,6270.47,7463.89,Corporate,0.0
936cd31c,2023-09-27,Central,Electronics,36,464.58,16724.88,7806.16,8918.72,Consumer,0.0
47c1c017,2023-10-31,North,Furniture,2,370.81,741.62,483.16,258.46,Home Office,0.0
1d27c09a,2023-11-14,South,Furniture,16,368.66,5898.56,3563.96,2334.6,Home Office,0.1
ff4cc10f,2023-12-28,North,Electronics,48,574.25,27564.0,12205.66,15358.34,Home Office,0.15
8cd34c62,2023-07-31,South,Furniture,12,261.74,3140.88,1871.01,1269.87,Corporate,0.0
f166cdcf,2023-01-11,East,Office Supplies,42,22.75,955.5,746.37,209.13,Corporate,0.05
4a94ae9f,2023-10-03,North,Furniture,18,295.24,5314.32,2695.42,2618.9,Consumer,0.0
d908a121,2023-11-19,South,Apparel,15,60.31,904.65,608.13,296.52,Corporate,0.0
7fd255ee,2023-11-06,North,Apparel,16,43.48,695.68,538.57,157.11,Home Office,0.0
40afbf3f,2023-02-24,South,Electronics,45,581.88,26184.6,12331.39,13853.21,Consumer,0.1
ca00ef58,2023-09-13,Central,Electronics,14,515.8,7221.2,4849.43,2371.77,Consumer,0.0
9912316a,2023-05-27,South,Apparel,5,44.93,224.65,98.86,125.79,Consumer,0.1
81b15db9,2023-07-06,North,Electronics,9,415.07,3735.63,2005.62,1730.01,Corporate,0.0
6b15c11b,2023-12-25,West,Furniture,13,324.26,4215.38,2912.79,1302.59,Home Office,0.15
5c0a1feb,2023-07-31,South,Furniture,5,245.26,1226.3,709.24,517.06,Corporate,0.05
98049562,2023-09-30,East,Furniture,34,263.18,8948.12,4873.29,4074.83,Home Office,0.0
c4da2c2e,2023-09-05,East,Furniture,24,311.77,7482.48,4286.17,3196.31,Home Office,0.0
2a9528c3,2023-04-07,North,Apparel,49,40.23,1971.27,1506.22,465.05,Corporate,0.0
fbcdbf5e,2023-09-09,West,Electronics,22,583.63,12839.86,6559.34,6280.52,Corporate,0.0
f780ef2f,2023-09-08,Central,Furniture,8,336.85,2694.8,1794.02,900.78,Home Office,0.1
6e3255a8,2023-10-20,East,Electronics,40,413.08,16523.2,10787.14,5736.06,Home Office,0.0
38d5101f,2023-02-11,South,Electronics,39,437.07,17045.73,12804.6,4241.13,Consumer,0.0
949cd8d4,2023-07-18,South,Electronics,8,543.74,4349.92,2151.85,2198.07,Consumer,0.1
5fc64cd0,2023-09-25,South,Office Supplies,15,21.55,323.25,187.24,136.01,Home Office,0.05
96add4df,2023-06-01,Central,Office Supplies,16,23.35,373.6,254.36,119.24,Consumer,0.0
ff69723d,2023-09-26,North,Electronics,2,674.86,1349.72,856.39,493.33,Corporate,0.0
6a7d5d96,2023-01-10,Central,Electronics,14,460.93,6453.02,3446.96,3006.06,Corporate,0.0
d4d13d55,2023-12-24,West,Office Supplies,22,19.59,430.98,198.15,232.83,Consumer,0.05
57d337d3,2023-10-11,North,Electronics,9,593.37,5340.33,2487.67,2852.66,Corporate,0.15
7ba109d0,2023-06-26,South,Apparel,34,47.05,1599.7,657.94,941.76,Home Office,0.05
b8d49848,2023-05-16,North,Apparel,18,40.63,731.34,575.08,156.26,Consumer,0.2
4cde1b6b,2023-09-28,North,Apparel,5,41.24,206.2,124.48,81.72,Consumer,0.0
05c8234b,2023-01-18,East,Office Supplies,11,19.23,211.53,142.55,68.98,Corporate,0.1
ad5900dd,2023-11-26,West,Electronics,41,491.73,20160.93,10794.22,9366.71,Home Office,0.2
bd90b81a,2023-11-07,East,Furniture,29,314.59,9123.11,4231.91,4891.2,Corporate,0.05
28fea761,2023-04-05,North,Electronics,26,525.11,13652.86,6193.07,7459.79,Consumer,0.0
76492e64,2023-05-09,South,Electronics,44,580.97,25562.68,15172.75,10389.93,Consumer,0.05
2f383b43,2023-04-01,East,Electronics,3,549.01,1647.03,791.17,855.86,Corporate,0.2
6544e313,2023-03-14,Central,Electronics,11,554.77,6102.47,2887.43,3215.04,Home Office,0.0
3283daa4,2023-01-12,North,Electronics,46,503.76,23172.96,17910.54,5262.42,Home Office,0.0
0123a348,2023-06-24,South,Electronics,45,472.65,21269.25,16191.78,5077.47,Home Office,0.1
c0986750,2023-10-01,West,Apparel,2,42.77,85.54,45.28,40.26,Home Office,0.05
93cd1291,2023-10-01,East,Apparel,19,56.63,1075.97,694.27,381.7,Consumer,0.0
2fdc9992,2023-02-09,East,Office Supplies,5,13.72,68.6,28.3,40.3,Corporate,0.1
1d2c2721,2023-05-23,Central,Accessories,5,33.42,167.1,97.25,69.85,Corporate,0.15
871854c1,2023-04-12,South,Apparel,16,48.35,773.6,573.48,200.12,Home Office,0.2
9c7eb575,2023-09-06,West,Electronics,23,417.35,9599.05,4228.06,5370.99,Consumer,0.2
5a1baf0e,2023-06-02,South,Apparel,49,37.3,1827.7,1252.82,574.88,Corporate,0.0
d051267f,2023-11-25,West,Office Supplies,16,22.68,362.88,210.66,152.22,Corporate,0.05
eb2ec80e,2023-09-19,Central,Electronics,49,278.58,13650.42,7418.88,6231.54,Consumer,0.0
224a66a6,2023-08-27,East,Apparel,13,45.93,597.09,431.21,165.88,Corporate,0.1
1df05d18,2023-05-02,South,Office Supplies,32,31.02,992.64,491.69,500.95,Home Office,0.05
82c56b21,2023-03-13,South,Furniture,4,281.66,1126.64,891.55,235.09,Consumer,0.0
93267d25,2023-05-31,South,Electronics,30,548.62,16458.6,10215.61,6242.99,Home Office,0.0
a2b03c4b,2023-05-30,South,Furniture,48,183.04,8785.92,4421.87,4364.05,Consumer,0.0
ee4205ee,2023-07-28,East,Apparel,2,52.24,104.48,51.72,52.76,Corporate,0.0
49f1137d,2023-03-09,North,Accessories,45,26.53,1193.85,831.87,361.98,Home Office,0.0
7374ccbf,2023-02-24,North,Electronics,7,632.04,4424.28,2334.65,2089.63,Home Office,0.0
f3abea0d,2023-08-29,North,Office Supplies,36,16.5,594.0,257.07,336.93,Consumer,0.0
d0b1fde0,2023-01-04,East,Furniture,32,299.19,9574.08,5566.65,4007.43,Corporate,0.05
a72f947d,2023-05-30,East,Electronics,28,586.46,16420.88,6594.09,9826.79,Home Office,0.1
6a66c184,2023-07-12,North,Apparel,36,44.24,1592.64,1011.73,580.91,Home Office,0.0
2ad11fe8,2023-10-03,Central,Office Supplies,26,21.36,555.36,291.78,263.58,Home Office,0.05
c2d49b56,2023-02-02,South,Electronics,26,294.56,7658.56,6068.94,1589.62,Consumer,0.0
398f569b,2023-03-27,South,Electronics,14,735.31,10294.34,6124.62,4169.72,Home Office,0.2
751303b9,2023-07-28,East,Office Supplies,12,22.18,266.16,160.27,105.89,Home Office,0.0
7eccdaf4,2023-08-08,Central,Apparel,15,42.07,631.05,286.76,344.29,Corporate,0.0
1d3ca5a4,2023-08-02,West,Furniture,23,218.09,5016.07,2987.47,2028.6,Consumer,0.0
fdab3441,2023-04-15,East,Electronics,18,428.95,7721.1,3251.59,4469.51,Home Office,0.0
0aa6fcb9,2023-05-23,North,Apparel,34,51.85,1762.9,939.03,823.87,Home Office,0.0
37f25d36,2023-10-23,North,Furniture,30,359.07,10772.1,8488.92,2283.18,Corporate,0.1
a757075b,2023-06-15,East,Electronics,27,544.51,14701.77,9660.87,5040.9,Corporate,0.2
ffd2f491,2023-10-19,East,Office Supplies,24,16.8,403.2,200.54,202.66,Consumer,0.2
dcb91d5f,2023-01-13,West,Electronics,21,522.75,10977.75,4788.14,6189.61,Consumer,0.15
fe7402cd,2023-11-14,East,Furniture,18,338.16,6086.88,4355.64,1731.24,Corporate,0.15
35ba9357,2023-02-15,Central,Furniture,27,309.09,8345.43,5226.72,3118.71,Corporate,0.0
59c2f153,2023-11-11,South,Furniture,40,195.52,7820.8,3723.9,4096.9,Corporate,0.0
6d9c5b50,2023-12-01,Central,Electronics,4,479.99,1919.96,1154.42,765.54,Corporate,0.15
34e50699,2023-03-06,East,Office Supplies,47,17.63,828.61,456.96,371.65,Home Office,0.05
91f0647d,2023-11-12,East,Furniture,23,305.87,7035.01,4897.8,2137.21,Home Office,0.05
89ecbc51,2023-05-17,Central,Apparel,14,41.01,574.14,249.44,324.7,Home Office,0.15
4aea1b8f,2023-03-07,East,Electronics,4,714.5,2858.0,1901.7,956.3,Home Office,0.2
dba6fdf8,2023-04-23,South,Furniture,22,353.68,7780.96,3599.82,4181.14,Consumer,0.0
d0afb235,2023-07-19,South,Electronics,6,470.94,2825.64,1851.61,974.03,Corporate,0.05
c9230c64,2023-02-06,South,Furniture,10,264.35,2643.5,1682.18,961.32,Home Office,0.1
46feacd4,2023-06-09,West,Office Supplies,6,21.96,131.76,82.36,49.4,Home Office,0.0
ddb7570e,2023-12-03,West,Electronics,40,454.37,18174.8,8299.47,9875.33,Consumer,0.0
5274ee11,2023-02-21,North,Electronics,9,468.13,4213.17,3289.14,924.03,Consumer,0.2
ad1db537,2023-11-18,South,Apparel,46,39.7,1826.2,1259.76,566.44,Corporate,0.0
a1e518a2,2023-06-02,East,Office Supplies,46,15.97,734.62,404.39,330.23,Corporate,0.0
73b5bad5,2023-04-15,West,Apparel,33,29.14,961.62,586.3,375.32,Corporate,0.0
c4d598f7,2023-01-30,North,Furniture,49,333.89,16360.61,10783.08,5577.53,Corporate,0.05
4739cc7b,2023-02-06,East,Office Supplies,1,26.54,26.54,11.43,15.11,Home Office,0.0
7466ef02,2023-09-27,South,Apparel,41,41.23,1690.43,711.81,978.62,Consumer,0.2
de70bd30,2023-07-09,West,Office Supplies,26,10.38,269.88,118.14,151.74,Consumer,0.0
bb1e5ae8,2023-10-28,West,Accessories,12,34.4,412.8,272.61,140.19,Home Office,0.1
5bb47c18,2023-06-28,West,Electronics,22,372.58,8196.76,4636.52,3560.24,Consumer,0.0
65d0b517,2023-11-27,East,Electronics,7,507.66,3553.62,2730.28,823.34,Corporate,0.0
363be5cb,2023-03-26,North,Accessories,13,26.93,350.09,234.37,115.72,Consumer,0.0
48998e5f,2023-07-12,North,Office Supplies,31,29.11,902.41,489.75,412.66,Home Office,0.0
90eeb067,2023-05-12,North,Apparel,12,37.65,451.8,291.94,159.86,Home Office,0.15
e4e751de,2023-11-28,East,Office Supplies,21,22.41,470.61,198.35,272.26,Corporate,0.05
197dbae1,2023-09-23,West,Apparel,35,51.1,1788.5,1353.58,434.92,Home Office,0.05
